stage,date_of_status_update,district,address,street_dir,street_name,city,cleared_by_employee,billed_adder_hydro_qty,billed_adder_other,clr_date,conflict,conflict_repair,cost_center,crew_lead,crew_tech,cross_bore_report,date_of_last_status_update,depth_10,depth_11,depth_12,depth_13,depth_14,depth_15,depth_4,depth_5,depth_6,depth_7,depth_8,depth_9,depth_of_gas_main_at_sewer,depth_of_gas_serv_at_sewer_,depth_sewer_at_gas_main,depth_sewer_at_gas_serv,desc_10,desc_11,desc_12,desc_13,desc_14,desc_15,desc_4,desc_5,desc_6,desc_7,desc_8,desc_9,dig_date,dig_notes,dig_photos,dig_y_n,direction,dist_10,dist_11,dist_12,dist_13,dist_14,dist_15,dist_4,dist_5,dist_6,dist_7,dist_8,dist_9,est_comp_time,est_ml_ft,gas_main,gas_main_clear_method,gas_service,gas_service_clear_method,insp_type,inspector_name,investigation_hours,jet_ft,lat_launch,lateral_footage_from_mh,lats_located,lets_lat_ft,mh,no_of_props,notes_four,notes_one,notes_three,notes_two,number_videos_today,number_videos_total,phase,photo_of_map,po_lats,po_ml_ft,pre_depth_01,pre_depth_02,pre_depth_03,pre_locate_01,pre_locate_02,pre_locate_03,pre_meas_01,pre_meas_02,pre_meas_03,pre_note,precon_y_n,pref_meth_clear,project_num,property_clear,pv_stage,qc_comment,qc_comment2,qc_comment3,qc_comment4,qc_date,qc_date2,qc_date3,qc_date4,qc_name,qc_name2,qc_name3,qc_name4,qc_pass_fail,qc_pass_fail2,qc_pass_fail3,qc_pass_fail4,received_date,recon_notes,recon_point,rods,sewer_ml_ft,sewer_to_clear_,site_photo,site_photo_notes,state,swr_mn_ftg,swr_mn_local,to_bldg,video_1,video_2,video_3,video_4,video_date_1,video_date_2,video_date_3,video_date_4,video_type_1,video_type_2,video_type_3,video_type_4,video_url
NEEDS JETTING,2026-01-20,Colorado,,,,HOLLY ,,,,2026-01-20,,,3040 ,,,,2026-01-20,,,,,,,,,,,,,0,0,0,0,,,,,,,,,,,,,,,,No,,,,,,,,,,,,,,,,,,,,Pre,BRADLEY.EDLIN@ATMOSENERGY.COM ,,,,,,,,,,,,NEEDS JETTING EAST AND SOUTH,,,0400,,,,,,,,,,,,,,No,,06059849 ,,NEEDS JETTING ,,,,,/20,,,,,,,,,,,,,,,,,,,,CO,,Sanitary,,N/A,,,,,,,,,,,,
NEEDS JETTING,2026-01-21,Colorado,MH 800 VAUGHN ST ML WEST,,VAUGHN ST ,HOLLY ,,,,2026-01-21,,,3040 ,N/A,,,2026-01-21,,,,,,,,,,,,,0,0,0,0,,,,,,,,,,,,,,,,No,,,,,,,,,,,,,,,,,,,,Pre,BRADLEY.EDLIN@ATMOSENERGY.COM ,,,,,,,,,,,,NEEDS JETTING-KB,,,0400,"___json[{""pathname"":""/Collected Media/map_1843533/layer_4688672/mdc_photo_mdc_fb294a_cdv_photo_1769020958_1769020984946.jpg"",""rid"":41515072,""lid"":""4688672"",""fid"":""65762"",""field"":""photo_of_map"",""title"":""mdc_photo_mdc_fb294a_cdv_photo_1769020958_1769020984946.jpg"",""ext"":""jpg"",""panorama"":false,""isDir"":false}]",,,,,,,,,,,,,No,,06059849 ,,NEEDS JETTING ,,,,,/20,,,,,,,,,,,,,,,,,Main,,,CO,,Sanitary,,N/A,,,,,,,,,,,,
PRECON COMPLETE,2026-01-23,Colorado,307,,9TH ST ,HOLLY ,1800,,1.0,2026-01-23,,,3040 ,Dustin House,Michael Thompson,,2026-01-23,,,,,,,38,,,,,,0,0,0,0,,,,,,,CO,,,,,,,,,No,,,,,,,,0,,,,,,,0.5,,,,,Pre,BRADLEY.EDLIN@ATMOSENERGY.COM ,,,,,PO,,,,,,,"01/23/25 2600 Truck ** Lead - Dustin H, Tech - Michael T 

01/26/26 
No gas meter ",1,1,0400,"___json[{""pathname"":""/Collected Media/map_1843533/layer_4688672/mdc_photo_mdc_e759e9_cdv_photo_023_1769458006886.jpg"",""rid"":41552015,""lid"":""4688672"",""fid"":""65785"",""field"":""photo_of_map"",""title"":""mdc_photo_mdc_e759e9_cdv_photo_023_1769458006886.jpg"",""ext"":""jpg"",""panorama"":false,""isDir"":false}]",1,,54,45,42,End ,GO,GO,66,50,25,,Yes,,06059849 ,,PRECON COMPLETE,,,,,/20,,,,,,,,,,,,,,,,,Lateral ,"___json[{""pathname"":""/Collected Media/map_1843533/layer_4688672/mdc_photo_mdc_09da7d_cdv_photo_006_1769194752849.jpg"",""rid"":41535195,""lid"":""4688672"",""fid"":""65785"",""field"":""site_photo"",""title"":""mdc_photo_mdc_09da7d_cdv_photo_006_1769194752849.jpg"",""ext"":""jpg"",""panorama"":false,""isDir"":false},{""pathname"":""/Collected Media/map_1843533/layer_4688672/mdc_photo_mdc_561f5f_cdv_photo_007_1769194752849.jpg"",""rid"":41535196,""lid"":""4688672"",""fid"":""65785"",""field"":""site_photo"",""title"":""mdc_photo_mdc_561f5f_cdv_photo_007_1769194752849.jpg"",""ext"":""jpg"",""panorama"":false,""isDir"":false},{""pathname"":""/Collected Media/map_1843533/layer_4688672/mdc_photo_mdc_ac620b_cdv_photo_008_1769194752849.jpg"",""rid"":41535197,""lid"":""4688672"",""fid"":""65785"",""field"":""site_photo"",""title"":""mdc_photo_mdc_ac620b_cdv_photo_008_1769194752849.jpg"",""ext"":""jpg"",""panorama"":false,""isDir"":false},{""pathname"":""/Collected Media/map_1843533/layer_4688672/mdc_photo_mdc_1052f8_cdv_photo_009_1769194752849.jpg"",""rid"":41535198,""lid"":""4688672"",""fid"":""65785"",""field"":""site_photo"",""title"":""mdc_photo_mdc_1052f8_cdv_photo_009_1769194752849.jpg"",""ext"":""jpg"",""panorama"":false,""isDir"":false},{""pathname"":""/Collected Media/map_1843533/layer_4688672/mdc_photo_mdc_f9d8e5_cdv_photo_010_1769194752849.jpg"",""rid"":41535199,""lid"":""4688672"",""fid"":""65785"",""field"":""site_photo"",""title"":""mdc_photo_mdc_f9d8e5_cdv_photo_010_1769194752849.jpg"",""ext"":""jpg"",""panorama"":false,""isDir"":false}]",,CO,,Sanitary,A,Michael Thompson,,,,2026-01-23,,,,1800 PO,,,,
PRECON COMPLETE,2026-01-21,Colorado,MH 615 Cheyenne ST ,West,Cheyenne ST,Holly ,2600,,2,2026-01-21,,,3040 ,N/A,,,2026-01-21,,,,,,,,,,,,,0,0,0,0,,,,,,,,,,,,,,,,No,,,,,,,,,,,,,,,,,,,,Pre,BRADLEY.EDLIN@ATMOSENERGY.COM ,,1500,,,,,,,,,,"01/21/26: 4101 jetted 3x500 ft, one hour of heavy cleaning.",,,0400,,,,,,,,,,,,,,No,,06059849 ,,PRECON COMPLETE,,,,,/20,,,,,,,,,,,,,,,,,Main,,,CO,,Sanitary,ML W,N/A,,,,,,,,,,,,
PRECON COMPLETE,2026-01-21,Colorado,744 ,West,Cheyenne ST,Holly ,2600,,1.0,2026-01-21,,,3040 ,Dustin House,Michael Thompson,,2026-01-21,,,,,,,26,28,0,,,,0,0,0,0,,,,,,,GO,GO,CO,,,,,,,No,,,,,,,,40,20,0,,,,,,,,,,Pre,BRADLEY.EDLIN@ATMOSENERGY.COM ,,,,,PO,,,,,,,"01/21/25 2600 Truck ** Lead - Dustin H, Tech - Michael T ",1,1,0400,"___json[{""pathname"":""/Collected Media/map_1843533/layer_4688672/mdc_photo_mdc_8c8a75_cdv_photo_000_1769028788930.jpg"",""rid"":41516329,""lid"":""4688672"",""fid"":""65766"",""field"":""photo_of_map"",""title"":""mdc_photo_mdc_8c8a75_cdv_photo_000_1769028788930.jpg"",""ext"":""jpg"",""panorama"":false,""isDir"":false}]",1,,38,38,29,End ,EOA,GO,85,80,60,,Yes,,06059849 ,,PRECON COMPLETE,,,,,/20,,,,,,,,,,,,,,,,,Lateral ,"___json[{""pathname"":""/Collected Media/map_1843533/layer_4688672/mdc_photo_mdc_27420c_cdv_photo_001_1769028788930.jpg"",""rid"":41516330,""lid"":""4688672"",""fid"":""65766"",""field"":""site_photo"",""title"":""mdc_photo_mdc_27420c_cdv_photo_001_1769028788930.jpg"",""ext"":""jpg"",""panorama"":false,""isDir"":false},{""pathname"":""/Collected Media/map_1843533/layer_4688672/mdc_photo_mdc_ca08c9_cdv_photo_002_1769028788931.jpg"",""rid"":41516331,""lid"":""4688672"",""fid"":""65766"",""field"":""site_photo"",""title"":""mdc_photo_mdc_ca08c9_cdv_photo_002_1769028788931.jpg"",""ext"":""jpg"",""panorama"":false,""isDir"":false},{""pathname"":""/Collected Media/map_1843533/layer_4688672/mdc_photo_mdc_0b48fe_cdv_photo_003_1769028788931.jpg"",""rid"":41516332,""lid"":""4688672"",""fid"":""65766"",""field"":""site_photo"",""title"":""mdc_photo_mdc_0b48fe_cdv_photo_003_1769028788931.jpg"",""ext"":""jpg"",""panorama"":false,""isDir"":false},{""pathname"":""/Collected Media/map_1843533/layer_4688672/mdc_photo_mdc_9715b4_cdv_photo_004_1769028788931.jpg"",""rid"":41516333,""lid"":""4688672"",""fid"":""65766"",""field"":""site_photo"",""title"":""mdc_photo_mdc_9715b4_cdv_photo_004_1769028788931.jpg"",""ext"":""jpg"",""panorama"":false,""isDir"":false},{""pathname"":""/Collected Media/map_1843533/layer_4688672/mdc_photo_mdc_62c94b_cdv_photo_005_1769028788931.jpg"",""rid"":41516334,""lid"":""4688672"",""fid"":""65766"",""field"":""site_photo"",""title"":""mdc_photo_mdc_62c94b_cdv_photo_005_1769028788931.jpg"",""ext"":""jpg"",""panorama"":false,""isDir"":false},{""pathname"":""/Collected Media/map_1843533/layer_4688672/mdc_photo_mdc_82c148_cdv_photo_006_1769028788931.jpg"",""rid"":41516335,""lid"":""4688672"",""fid"":""65766"",""field"":""site_photo"",""title"":""mdc_photo_mdc_82c148_cdv_photo_006_1769028788931.jpg"",""ext"":""jpg"",""panorama"":false,""isDir"":false}]",,CO,,Sanitary,,Michael Thompson,,,,2026-01-21,,,,2600 PO,,,,
PRECON COMPLETE,2026-01-21,Colorado,823,,VAUGHN ST ,HOLLY ,3900,,0.25,2026-01-21,,,3040 ,Daniel Batt ,Kaleb Berlier,,2026-01-21,,,,,,,26,33,31,34,60,,0,0,0,0,,,,,,,RB,VCO,12T,12T,SM,,,,,No,,,,,,,,49,0.0,17,41,60.0,,,,,,,,Pre,BRADLEY.EDLIN@ATMOSENERGY.COM ,,,,,PO,,,,,,,PO FROM VCO HEADING WEST STOPPED BY RB. WENT INTO BASEMENT TO verify where sewer exits foundation. Exits foundation in line with root ball clear of projected gas install,1,1,0400,"___json[{""pathname"":""/Collected Media/map_1843533/layer_4688672/mdc_photo_mdc_fb9868_cdv_photo_001_1769102963272.jpg"",""rid"":41525222,""lid"":""4688672"",""fid"":""65771"",""field"":""photo_of_map"",""title"":""mdc_photo_mdc_fb9868_cdv_photo_001_1769102963272.jpg"",""ext"":""jpg"",""panorama"":false,""isDir"":false}]",1,,33,32,28,VCO,GO,12T,0.0,25,41,,Yes,,06059849 ,,PRECON COMPLETE,,,,,/20,,,,,,,,,,,,,,,,,Lateral ,"___json[{""pathname"":""/Collected Media/map_1843533/layer_4688672/mdc_photo_mdc_c579ac_cdv_photo_1769039895_1769042139934.jpg"",""rid"":41517173,""lid"":""4688672"",""fid"":""65771"",""field"":""site_photo"",""title"":""mdc_photo_mdc_c579ac_cdv_photo_1769039895_1769042139934.jpg"",""ext"":""jpg"",""panorama"":false,""isDir"":false},{""pathname"":""/Collected Media/map_1843533/layer_4688672/mdc_photo_mdc_522069_cdv_photo_1769039902_1769042139934.jpg"",""rid"":41517174,""lid"":""4688672"",""fid"":""65771"",""field"":""site_photo"",""title"":""mdc_photo_mdc_522069_cdv_photo_1769039902_1769042139934.jpg"",""ext"":""jpg"",""panorama"":false,""isDir"":false},{""pathname"":""/Collected Media/map_1843533/layer_4688672/mdc_photo_mdc_ff2edb_cdv_photo_1769039907_1769042139934.jpg"",""rid"":41517175,""lid"":""4688672"",""fid"":""65771"",""field"":""site_photo"",""title"":""mdc_photo_mdc_ff2edb_cdv_photo_1769039907_1769042139934.jpg"",""ext"":""jpg"",""panorama"":false,""isDir"":false},{""pathname"":""/Collected Media/map_1843533/layer_4688672/mdc_photo_mdc_77d3f9_cdv_photo_1769039911_1769042139934.jpg"",""rid"":41517176,""lid"":""4688672"",""fid"":""65771"",""field"":""site_photo"",""title"":""mdc_photo_mdc_77d3f9_cdv_photo_1769039911_1769042139934.jpg"",""ext"":""jpg"",""panorama"":false,""isDir"":false},{""pathname"":""/Collected Media/map_1843533/layer_4688672/mdc_photo_mdc_4b2851_cdv_photo_1769040206_1769042139934.jpg"",""rid"":41517177,""lid"":""4688672"",""fid"":""65771"",""field"":""site_photo"",""title"":""mdc_photo_mdc_4b2851_cdv_photo_1769040206_1769042139934.jpg"",""ext"":""jpg"",""panorama"":false,""isDir"":false},{""pathname"":""/Collected Media/map_1843533/layer_4688672/mdc_photo_mdc_df580e_cdv_photo_1769040436_1769042139934.jpg"",""rid"":41517178,""lid"":""4688672"",""fid"":""65771"",""field"":""site_photo"",""title"":""mdc_photo_mdc_df580e_cdv_photo_1769040436_1769042139934.jpg"",""ext"":""jpg"",""panorama"":false,""isDir"":false},{""pathname"":""/Collected Media/map_1843533/layer_4688672/mdc_photo_mdc_12b492_cdv_photo_1769041235_1769042139934.jpg"",""rid"":41517179,""lid"":""4688672"",""fid"":""65771"",""field"":""site_photo"",""title"":""mdc_photo_mdc_12b492_cdv_photo_1769041235_1769042139934.jpg"",""ext"":""jpg"",""panorama"":false,""isDir"":false},{""pathname"":""/Collected Media/map_1843533/layer_4688672/mdc_photo_mdc_b360bf_cdv_photo_1769041268_1769042139934.jpg"",""rid"":41517180,""lid"":""4688672"",""fid"":""65771"",""field"":""site_photo"",""title"":""mdc_photo_mdc_b360bf_cdv_photo_1769041268_1769042139934.jpg"",""ext"":""jpg"",""panorama"":false,""isDir"":false}]",,CO,,Sanitary,,Daniel Batt ,,,,2026-01-21,,,,3900 PO,,,,
PRECON COMPLETE,2026-01-21,Colorado,315,North,8TH ST,HOLLY ,3900,,0.25,2026-01-21,,,3040 ,Daniel Batt ,Kaleb Berlier,,2026-01-21,,,,,,,,,,,,,0,0,0,0,,,,,,,,,,,,,,,,No,,,,,,,,,,,,,,,,,,,,Pre,BRADLEY.EDLIN@ATMOSENERGY.COM ,,,,,PO,,,,,,,PO FROM VCO LINE IS CLEAR-KB ,1,1,0400,"___json[{""pathname"":""/Collected Media/map_1843533/layer_4688672/mdc_photo_mdc_0edc53_cdv_photo_005_1769105433163.jpg"",""rid"":41525714,""lid"":""4688672"",""fid"":""65765"",""field"":""photo_of_map"",""title"":""mdc_photo_mdc_0edc53_cdv_photo_005_1769105433163.jpg"",""ext"":""jpg"",""panorama"":false,""isDir"":false}]",1,,22,51,58,VCO,EOA,SM,0.0,20,52.0,,Yes,,06059849 ,,PRECON COMPLETE,,,,,/20,,,,,,,,,,,,,,,,,Lateral ,"___json[{""pathname"":""/Collected Media/map_1843533/layer_4688672/mdc_photo_mdc_9f8db8_cdv_photo_1769025845_1769025889364.jpg"",""rid"":41515969,""lid"":""4688672"",""fid"":""65765"",""field"":""site_photo"",""title"":""mdc_photo_mdc_9f8db8_cdv_photo_1769025845_1769025889364.jpg"",""ext"":""jpg"",""panorama"":false,""isDir"":false},{""pathname"":""/Collected Media/map_1843533/layer_4688672/mdc_photo_mdc_fefe65_cdv_photo_1769025857_1769025889364.jpg"",""rid"":41515970,""lid"":""4688672"",""fid"":""65765"",""field"":""site_photo"",""title"":""mdc_photo_mdc_fefe65_cdv_photo_1769025857_1769025889364.jpg"",""ext"":""jpg"",""panorama"":false,""isDir"":false},{""pathname"":""/Collected Media/map_1843533/layer_4688672/mdc_photo_mdc_788384_cdv_photo_1769025868_1769025889364.jpg"",""rid"":41515971,""lid"":""4688672"",""fid"":""65765"",""field"":""site_photo"",""title"":""mdc_photo_mdc_788384_cdv_photo_1769025868_1769025889364.jpg"",""ext"":""jpg"",""panorama"":false,""isDir"":false},{""pathname"":""/Collected Media/map_1843533/layer_4688672/mdc_photo_mdc_20c6f3_cdv_photo_001_1769025889364.jpg"",""rid"":41515972,""lid"":""4688672"",""fid"":""65765"",""field"":""site_photo"",""title"":""mdc_photo_mdc_20c6f3_cdv_photo_001_1769025889364.jpg"",""ext"":""jpg"",""panorama"":false,""isDir"":false}]",,CO,,Sanitary,,Daniel Batt ,,,,2026-01-21,,,,3900 PO,,,,
PO,2026-01-20,Colorado,730,West,PARK ST ,HOLLY ,3900,,0,2026-01-20,,,3041 ,Daniel Batt ,Kaleb Berlier,,2026-01-20,,,,,,,,,,,,,0,0,0,0,,,,,,,,,,,,,,,,No,West,,,,,,,,,,,,,,,,,,,Pre,BRADLEY.EDLIN@ATMOSENERGY.COM ,,,1,511.900000000000,LETS,,MH 544 W PARK ST ,,,,,STOPPED BY PINCH IN LATERAL AT 5’. PO TO CLEAR.-KB ,1,1,0400,"___json[{""pathname"":""/Collected Media/map_1843533/layer_4688672/mdc_photo_mdc_d08967_cdv_photo_013_1768946313942.jpg"",""rid"":41504931,""lid"":""4688672"",""fid"":""65757"",""field"":""photo_of_map"",""title"":""mdc_photo_mdc_d08967_cdv_photo_013_1768946313942.jpg"",""ext"":""jpg"",""panorama"":false,""isDir"":false}]",,,42,38,,TAP,PINCH,,511.900000000000,5,,,Yes,,06059849 ,No,PO,STOPPED BY PINCH IN LATERAL AT 5’. waiting for PO TO CLEAR,,,,01/22/26,,,,Katy Thompson,,,,Pass,,,,,,,,,Lateral ,"___json[{""pathname"":""/Collected Media/map_1843533/layer_4688672/mdc_photo_mdc_0c7ca4_cdv_photo_1768937630_1768937634843.jpg"",""rid"":41504052,""lid"":""4688672"",""fid"":""65757"",""field"":""site_photo"",""title"":""mdc_photo_mdc_0c7ca4_cdv_photo_1768937630_1768937634843.jpg"",""ext"":""jpg"",""panorama"":false,""isDir"":false},{""pathname"":""/Collected Media/map_1843533/layer_4688672/mdc_photo_mdc_dddaed_cdv_photo_014_1768946313943.jpg"",""rid"":41504932,""lid"":""4688672"",""fid"":""65757"",""field"":""site_photo"",""title"":""mdc_photo_mdc_dddaed_cdv_photo_014_1768946313943.jpg"",""ext"":""jpg"",""panorama"":false,""isDir"":false},{""pathname"":""/Collected Media/map_1843533/layer_4688672/mdc_photo_mdc_1c2525_cdv_photo_015_1768946313943.jpg"",""rid"":41504933,""lid"":""4688672"",""fid"":""65757"",""field"":""site_photo"",""title"":""mdc_photo_mdc_1c2525_cdv_photo_015_1768946313943.jpg"",""ext"":""jpg"",""panorama"":false,""isDir"":false},{""pathname"":""/Collected Media/map_1843533/layer_4688672/mdc_photo_mdc_ed7f5b_cdv_photo_016_1768946313943.jpg"",""rid"":41504934,""lid"":""4688672"",""fid"":""65757"",""field"":""site_photo"",""title"":""mdc_photo_mdc_ed7f5b_cdv_photo_016_1768946313943.jpg"",""ext"":""jpg"",""panorama"":false,""isDir"":false}]",,CO,,Sanitary,,Daniel Batt ,,,,2026-01-20,,,,3900 LETS,,,,730 W PARK ST
PO,2026-01-20,Colorado,700,West,PARK ST ,HOLLY ,3900,,0.250000000000,2026-01-20,,,3041 ,Daniel Batt ,Kaleb Berlier,,2026-01-20,,,,,,,,,,,,,0,0,0,0,,,,,,,,,,,,,,,,No,West,,,,,,,,,,,,,,,,,,,Pre,BRADLEY.EDLIN@ATMOSENERGY.COM ,,,1,320.500000000000,LETS,,MH 544 W PARK ST ,,,,,UNKNOWN STOPPAGE AT 31.5’. SLUDGE COVERED CAMERA.-KB,1,1,0400,"___json[{""pathname"":""/Collected Media/map_1843533/layer_4688672/mdc_photo_mdc_bf8251_cdv_photo_009_1768935407279.jpg"",""rid"":41503695,""lid"":""4688672"",""fid"":""65756"",""field"":""photo_of_map"",""title"":""mdc_photo_mdc_bf8251_cdv_photo_009_1768935407279.jpg"",""ext"":""jpg"",""panorama"":false,""isDir"":false}]",,,49,32,30,TAP,GO,UNKNOWN STOPPAGE,320.500000000000,10,31.500000000000,,Yes,,06059849 ,No,PO,CAMERA COVERED @ 13'. UNKNOWN STOPPAGE. WAITING FOR PO TO CLEAR.,,,,01/22/26,,,,Katy Thompson,,,,Fail,,,,,,,,,Lateral ,"___json[{""pathname"":""/Collected Media/map_1843533/layer_4688672/mdc_photo_mdc_a1c45e_cdv_photo_010_1768935407279.jpg"",""rid"":41503696,""lid"":""4688672"",""fid"":""65756"",""field"":""site_photo"",""title"":""mdc_photo_mdc_a1c45e_cdv_photo_010_1768935407279.jpg"",""ext"":""jpg"",""panorama"":false,""isDir"":false},{""pathname"":""/Collected Media/map_1843533/layer_4688672/mdc_photo_mdc_feb2ea_cdv_photo_011_1768935407279.jpg"",""rid"":41503697,""lid"":""4688672"",""fid"":""65756"",""field"":""site_photo"",""title"":""mdc_photo_mdc_feb2ea_cdv_photo_011_1768935407279.jpg"",""ext"":""jpg"",""panorama"":false,""isDir"":false},{""pathname"":""/Collected Media/map_1843533/layer_4688672/mdc_photo_mdc_edc6fb_cdv_photo_012_1768935407279.jpg"",""rid"":41503698,""lid"":""4688672"",""fid"":""65756"",""field"":""site_photo"",""title"":""mdc_photo_mdc_edc6fb_cdv_photo_012_1768935407279.jpg"",""ext"":""jpg"",""panorama"":false,""isDir"":false}]",,CO,,Sanitary,,Daniel Batt ,,,,2026-01-20,,,,3900 LETS,,,,https://pioneer.sewerai.com/dashboard/review/e5ec5ea9-2a39-496c-8845-ef734cc4240e?t=1.03244&limit=500&offset=0&project=24PV0400+ATMOS+-+CO&status=uploaded&client_reviewed=false&issues=false&ordering=-Inspection_Date&page=1&pageSize=500
PRECON COMPLETE,2026-01-20,Colorado,610,West,PARK ST  ,HOLLY ,3900,,0,2026-01-20,,,3040 ,Daniel Batt ,Kaleb Berlier,,2026-01-20,,,,,,,39,41,,,,,0,0,0,0,,,,,,,GO,END/VCO,,,,,,,,No,West,,,,,,,52,74,,,,,,,,,,,Pre,BRADLEY.EDLIN@ATMOSENERGY.COM ,,,1,222.300000000000,LETS,,544 W PARK ST,,,,,LINE IS CLEAR-KB ,1,1,0400,"___json[{""pathname"":""/Collected Media/map_1843533/layer_4688672/mdc_photo_mdc_29aa14_cdv_photo_003_1768934039917.jpg"",""rid"":41503362,""lid"":""4688672"",""fid"":""65744"",""field"":""photo_of_map"",""title"":""mdc_photo_mdc_29aa14_cdv_photo_003_1768934039917.jpg"",""ext"":""jpg"",""panorama"":false,""isDir"":false}]",,,61,68,38,TAP,GO,12T,222.300000000000,10,27,,Yes,,06059849 ,Yes,PRECON COMPLETE,"VISUAL IS POOR 24'-42', BUT THIS WILL BE OK FOR PRE.",,,,01/22/26,,,,Katy Thompson,,,,Pass,,,,,,,,,Lateral ,"___json[{""pathname"":""/Collected Media/map_1843533/layer_4688672/mdc_photo_mdc_383852_cdv_photo_004_1768934039917.jpg"",""rid"":41503363,""lid"":""4688672"",""fid"":""65744"",""field"":""site_photo"",""title"":""mdc_photo_mdc_383852_cdv_photo_004_1768934039917.jpg"",""ext"":""jpg"",""panorama"":false,""isDir"":false},{""pathname"":""/Collected Media/map_1843533/layer_4688672/mdc_photo_mdc_619ee5_cdv_photo_005_1768934039917.jpg"",""rid"":41503364,""lid"":""4688672"",""fid"":""65744"",""field"":""site_photo"",""title"":""mdc_photo_mdc_619ee5_cdv_photo_005_1768934039917.jpg"",""ext"":""jpg"",""panorama"":false,""isDir"":false},{""pathname"":""/Collected Media/map_1843533/layer_4688672/mdc_photo_mdc_edbdd7_cdv_photo_006_1768934039917.jpg"",""rid"":41503365,""lid"":""4688672"",""fid"":""65744"",""field"":""site_photo"",""title"":""mdc_photo_mdc_edbdd7_cdv_photo_006_1768934039917.jpg"",""ext"":""jpg"",""panorama"":false,""isDir"":false},{""pathname"":""/Collected Media/map_1843533/layer_4688672/mdc_photo_mdc_4c33b5_cdv_photo_007_1768934039917.jpg"",""rid"":41503366,""lid"":""4688672"",""fid"":""65744"",""field"":""site_photo"",""title"":""mdc_photo_mdc_4c33b5_cdv_photo_007_1768934039917.jpg"",""ext"":""jpg"",""panorama"":false,""isDir"":false},{""pathname"":""/Collected Media/map_1843533/layer_4688672/mdc_photo_mdc_29bc1d_cdv_photo_008_1768934039917.jpg"",""rid"":41503367,""lid"":""4688672"",""fid"":""65744"",""field"":""site_photo"",""title"":""mdc_photo_mdc_29bc1d_cdv_photo_008_1768934039917.jpg"",""ext"":""jpg"",""panorama"":false,""isDir"":false}]",,CO,,Sanitary,,Daniel Batt ,,,,2026-01-20,,,,3900 LETS,,,,https://pioneer.sewerai.com/dashboard/review/595daa52-d0a8-4cbd-8150-229c86bd7c65?t=1.259438&limit=500&offset=0&project=24PV0400+ATMOS+-+CO&status=uploaded&client_reviewed=false&issues=false&ordering=-Inspection_Date&page=1&pageSize=500
PRECON COMPLETE,2026-01-20,Colorado,606,West,PARK ST ,HOLLY ,3900,,0.250000000000,2026-01-20,,,3040 ,Nathan Freeman,Kaleb Berlier,,2026-01-20,,,,,,,38,61,38,,,,0,0,0,0,,,,,,,OFFSET,TAP,OFFSET,,,,,,,No,West,,,,,,,70,125.600000000000,17.100000000000,,,,,,,,,,Pre,BRADLEY.EDLIN@ATMOSENERGY.COM ,,,1,125.600000000000,LETS,,MH 544 W PARK ST,,,,,LINE IS CLEAR-KB ,1,2,0400,"___json[{""pathname"":""/Collected Media/map_1843533/layer_4688672/mdc_photo_mdc_cca553_cdv_photo_072_1768586109020.jpg"",""rid"":41474743,""lid"":""4688672"",""fid"":""65745"",""field"":""photo_of_map"",""title"":""mdc_photo_mdc_cca553_cdv_photo_072_1768586109020.jpg"",""ext"":""jpg"",""panorama"":false,""isDir"":false}]",1,,14,20,26,CO,GO,GO,0,25,50,,Yes,,06059849 ,No,PRECON COMPLETE,,LETS VIDEO CLEAR UNTIL STOPPAGE @ 14'. WAITING FOR PO VIDEO,,,/20,01/22/26,,,,Katy Thompson,,,,Pass,,,,,,,,Lateral ,"___json[{""pathname"":""/Collected Media/map_1843533/layer_4688672/mdc_photo_mdc_db48f8_cdv_photo_1768584940_1768585058316.jpg"",""rid"":41474595,""lid"":""4688672"",""fid"":""65745"",""field"":""site_photo"",""title"":""mdc_photo_mdc_db48f8_cdv_photo_1768584940_1768585058316.jpg"",""ext"":""jpg"",""panorama"":false,""isDir"":false},{""pathname"":""/Collected Media/map_1843533/layer_4688672/mdc_photo_mdc_8e34af_cdv_photo_073_1768586109020.jpg"",""rid"":41474744,""lid"":""4688672"",""fid"":""65745"",""field"":""site_photo"",""title"":""mdc_photo_mdc_8e34af_cdv_photo_073_1768586109020.jpg"",""ext"":""jpg"",""panorama"":false,""isDir"":false},{""pathname"":""/Collected Media/map_1843533/layer_4688672/mdc_photo_mdc_9df26a_cdv_photo_074_1768586109020.jpg"",""rid"":41474745,""lid"":""4688672"",""fid"":""65745"",""field"":""site_photo"",""title"":""mdc_photo_mdc_9df26a_cdv_photo_074_1768586109020.jpg"",""ext"":""jpg"",""panorama"":false,""isDir"":false},{""pathname"":""/Collected Media/map_1843533/layer_4688672/mdc_photo_mdc_34aa05_cdv_photo_075_1768586109020.jpg"",""rid"":41474746,""lid"":""4688672"",""fid"":""65745"",""field"":""site_photo"",""title"":""mdc_photo_mdc_34aa05_cdv_photo_075_1768586109020.jpg"",""ext"":""jpg"",""panorama"":false,""isDir"":false},{""pathname"":""/Collected Media/map_1843533/layer_4688672/mdc_photo_mdc_742cb6_cdv_photo_076_1768586109020.jpg"",""rid"":41474747,""lid"":""4688672"",""fid"":""65745"",""field"":""site_photo"",""title"":""mdc_photo_mdc_742cb6_cdv_photo_076_1768586109020.jpg"",""ext"":""jpg"",""panorama"":false,""isDir"":false},{""pathname"":""/Collected Media/map_1843533/layer_4688672/mdc_photo_mdc_a2bfad_cdv_photo_001_1768931201669.jpg"",""rid"":41502597,""lid"":""4688672"",""fid"":""65745"",""field"":""site_photo"",""title"":""mdc_photo_mdc_a2bfad_cdv_photo_001_1768931201669.jpg"",""ext"":""jpg"",""panorama"":false,""isDir"":false},{""pathname"":""/Collected Media/map_1843533/layer_4688672/mdc_photo_mdc_f3c4d1_cdv_photo_002_1768931201669.jpg"",""rid"":41502598,""lid"":""4688672"",""fid"":""65745"",""field"":""site_photo"",""title"":""mdc_photo_mdc_f3c4d1_cdv_photo_002_1768931201669.jpg"",""ext"":""jpg"",""panorama"":false,""isDir"":false}]",,CO,,Sanitary,,Daniel Batt ,Daniel Batt ,,,2026-01-16,2026-01-20,,,3900 PO,3900 LETS,,,https://pioneer.sewerai.com/dashboard/review/2f087a5e-8111-4af0-a6de-2032363e2d0f?t=3.469476&limit=500&offset=0&project=24PV0400+ATMOS+-+CO&status=uploaded&client_reviewed=false&issues=false&ordering=-Inspection_Date&page=1&pageSize=500
PRECON COMPLETE,2026-01-21,Colorado,304,North,9TH ST,HOLLY ,3900,,0.25,2026-01-21,,,3040 ,Daniel Batt ,Kaleb Berlier,,2026-01-21,,,,,,,47,53,59,,,,0,0,0,0,,,,,,,GO,EOA,SM,,,,,,,No,,,,,,,,25.0,50.0,56.0,,,,,,,,,,Pre,BRADLEY.EDLIN@ATMOSENERGY.COM ,,,,,PO,,,,,,,PO FROM VCO LINE IS CLEAR-KB ,1,1,0400,"___json[{""pathname"":""/Collected Media/map_1843533/layer_4688672/mdc_photo_mdc_176134_cdv_photo_002_1769103999689.jpg"",""rid"":41525451,""lid"":""4688672"",""fid"":""65770"",""field"":""photo_of_map"",""title"":""mdc_photo_mdc_176134_cdv_photo_002_1769103999689.jpg"",""ext"":""jpg"",""panorama"":false,""isDir"":false}]",1,,40,34,40,VCO,OFFSET ,VCO,0.0,22.0,0.0,,Yes,,06059849 ,,PRECON COMPLETE,,,,,/20,,,,,,,,,,,,,,,,,Lateral ,"___json[{""pathname"":""/Collected Media/map_1843533/layer_4688672/mdc_photo_mdc_a74cbc_cdv_photo_021_1769039041886.jpg"",""rid"":41517136,""lid"":""4688672"",""fid"":""65770"",""field"":""site_photo"",""title"":""mdc_photo_mdc_a74cbc_cdv_photo_021_1769039041886.jpg"",""ext"":""jpg"",""panorama"":false,""isDir"":false},{""pathname"":""/Collected Media/map_1843533/layer_4688672/mdc_photo_mdc_edb154_cdv_photo_022_1769039041886.jpg"",""rid"":41517137,""lid"":""4688672"",""fid"":""65770"",""field"":""site_photo"",""title"":""mdc_photo_mdc_edb154_cdv_photo_022_1769039041886.jpg"",""ext"":""jpg"",""panorama"":false,""isDir"":false},{""pathname"":""/Collected Media/map_1843533/layer_4688672/mdc_photo_mdc_a074c4_cdv_photo_023_1769039041886.jpg"",""rid"":41517138,""lid"":""4688672"",""fid"":""65770"",""field"":""site_photo"",""title"":""mdc_photo_mdc_a074c4_cdv_photo_023_1769039041886.jpg"",""ext"":""jpg"",""panorama"":false,""isDir"":false},{""pathname"":""/Collected Media/map_1843533/layer_4688672/mdc_photo_mdc_38b47e_cdv_photo_024_1769039041886.jpg"",""rid"":41517139,""lid"":""4688672"",""fid"":""65770"",""field"":""site_photo"",""title"":""mdc_photo_mdc_38b47e_cdv_photo_024_1769039041886.jpg"",""ext"":""jpg"",""panorama"":false,""isDir"":false},{""pathname"":""/Collected Media/map_1843533/layer_4688672/mdc_photo_mdc_6d9f22_cdv_photo_025_1769039041886.jpg"",""rid"":41517140,""lid"":""4688672"",""fid"":""65770"",""field"":""site_photo"",""title"":""mdc_photo_mdc_6d9f22_cdv_photo_025_1769039041886.jpg"",""ext"":""jpg"",""panorama"":false,""isDir"":false}]",,CO,,Sanitary,,Daniel Batt ,,,,2026-01-21,,,,3900 PO,,,,
PO,2026-01-20,Colorado,416,North,6TH ST ,HOLLY ,3900,,0,2026-01-20,,,3041 ,Daniel Batt ,Kaleb Berlier,,2026-01-20,,,,,,,,,,,,,0,0,0,0,,,,,,,,,,,,,,,,No,,,,,,,,,,,,,,,,,,,,Pre,BRADLEY.EDLIN@ATMOSENERGY.COM ,,,1,,,,,,,,,LINE IS PINCHED NEEDS PO-KB,1,1,0400,"___json[{""pathname"":""/Collected Media/map_1843533/layer_4688672/mdc_photo_mdc_ffaf14_cdv_photo_000_1768930232524.jpg"",""rid"":41502485,""lid"":""4688672"",""fid"":""65753"",""field"":""photo_of_map"",""title"":""mdc_photo_mdc_ffaf14_cdv_photo_000_1768930232524.jpg"",""ext"":""jpg"",""panorama"":false,""isDir"":false}]",,,57,31,29,TAP,EOR,PINCH,58.700000000000,26,35,,Yes,,06059849 ,No,PO,LINE IS PINCHED NEEDS PO,,,,01/22/26,,,,Katy Thompson,,,,Fail,,,,,,,,,Lateral ,"___json[{""pathname"":""/Collected Media/map_1843533/layer_4688672/mdc_photo_mdc_b02c3f_cdv_photo_088_1768929848936.jpg"",""rid"":41502462,""lid"":""4688672"",""fid"":""65753"",""field"":""site_photo"",""title"":""mdc_photo_mdc_b02c3f_cdv_photo_088_1768929848936.jpg"",""ext"":""jpg"",""panorama"":false,""isDir"":false},{""pathname"":""/Collected Media/map_1843533/layer_4688672/mdc_photo_mdc_f142e5_cdv_photo_089_1768929848936.jpg"",""rid"":41502463,""lid"":""4688672"",""fid"":""65753"",""field"":""site_photo"",""title"":""mdc_photo_mdc_f142e5_cdv_photo_089_1768929848936.jpg"",""ext"":""jpg"",""panorama"":false,""isDir"":false},{""pathname"":""/Collected Media/map_1843533/layer_4688672/mdc_photo_mdc_de89c4_cdv_photo_090_1768929848936.jpg"",""rid"":41502464,""lid"":""4688672"",""fid"":""65753"",""field"":""site_photo"",""title"":""mdc_photo_mdc_de89c4_cdv_photo_090_1768929848936.jpg"",""ext"":""jpg"",""panorama"":false,""isDir"":false},{""pathname"":""/Collected Media/map_1843533/layer_4688672/mdc_photo_mdc_3458ef_cdv_photo_1768930145_1768930149665.jpg"",""rid"":41502484,""lid"":""4688672"",""fid"":""65753"",""field"":""site_photo"",""title"":""mdc_photo_mdc_3458ef_cdv_photo_1768930145_1768930149665.jpg"",""ext"":""jpg"",""panorama"":false,""isDir"":false}]",,CO,,Sanitary,,Daniel Batt ,,,,2026-01-20,,,,3900 LETS,,,,https://pioneer.sewerai.com/dashboard/review/ab9ba2dd-9929-463e-b9fc-8b546bf03901?t=1.749886&limit=500&offset=0&project=24PV0400+ATMOS+-+CO&status=uploaded&client_reviewed=false&issues=false&ordering=-Inspection_Date&page=1&pageSize=500
CLIENT REVIEW,2026-01-21,Colorado,800,,VAUGHN ST ,HOLLY ,3900,,0.500000000000,2026-01-21,,,3041 ,Daniel Batt ,Kaleb Berlier,,2026-01-21,,,,,,,,,,,,,0,0,0,0,,,,,,,,,,,,,,,,No,West,,,,,,,,,,,,,,,,,,,Pre,BRADLEY.EDLIN@ATMOSENERGY.COM ,,,1,88.800000000000,LETS,,MH 800 VAUGHN ST ,,,,,UNABLE TO GAIN ACCESS TO LATERAL DUE TO BUILDUP AT THE MAIN. LOT IS ABANDONED. SEE SITE PHOTOS FOR BLOCKAGE AND PROOF OF ABANDON.NO GAS METER-KB,1,1,0400,"___json[{""pathname"":""/Collected Media/map_1843533/layer_4688672/mdc_photo_mdc_21848e_cdv_photo_000_1769019252547.jpg"",""rid"":41514686,""lid"":""4688672"",""fid"":""65761"",""field"":""photo_of_map"",""title"":""mdc_photo_mdc_21848e_cdv_photo_000_1769019252547.jpg"",""ext"":""jpg"",""panorama"":false,""isDir"":false}]",,,75,75,,TAP,END,,88.800000000000,0.600000000000,,,Yes,,06059849 ,Yes,CLIENT REVIEW,,,,,01/22/26,,,,Katy Thompson,,,,Pass,,,,,,,,,Lateral ,"___json[{""pathname"":""/Collected Media/map_1843533/layer_4688672/mdc_photo_mdc_e5cac2_cdv_photo_1769018954_1769019135006.jpg"",""rid"":41514661,""lid"":""4688672"",""fid"":""65761"",""field"":""site_photo"",""title"":""mdc_photo_mdc_e5cac2_cdv_photo_1769018954_1769019135006.jpg"",""ext"":""jpg"",""panorama"":false,""isDir"":false},{""pathname"":""/Collected Media/map_1843533/layer_4688672/mdc_photo_mdc_b7cfbb_cdv_photo_1769019003_1769019135006.jpg"",""rid"":41514662,""lid"":""4688672"",""fid"":""65761"",""field"":""site_photo"",""title"":""mdc_photo_mdc_b7cfbb_cdv_photo_1769019003_1769019135006.jpg"",""ext"":""jpg"",""panorama"":false,""isDir"":false},{""pathname"":""/Collected Media/map_1843533/layer_4688672/mdc_photo_mdc_f350c0_cdv_photo_1769019132_1769019135006.jpg"",""rid"":41514663,""lid"":""4688672"",""fid"":""65761"",""field"":""site_photo"",""title"":""mdc_photo_mdc_f350c0_cdv_photo_1769019132_1769019135006.jpg"",""ext"":""jpg"",""panorama"":false,""isDir"":false}]",,CO,,Sanitary,,Daniel Batt ,,,,2026-01-21,,,,3900 LETS,,,,https://pioneer.sewerai.com/dashboard/review/76ac1570-6fec-42c9-89b4-e0704e323894?t=0.907501&limit=500&offset=0&project=24PV0400+ATMOS+-+CO&status=uploaded&client_reviewed=false&issues=false&ordering=-Inspection_Date&page=1&pageSize=500
PRECON COMPLETE,2026-01-21,Colorado,305,North,8TH ST,HOLLY ,3900,,0.25,2026-01-21,,,3040 ,Daniel Batt ,Kaleb Berlier,,2026-01-21,,,,,,,59,,,,,,0,0,0,0,,,,,,,SM,,,,,,,,,No,,,,,,,,28,,,,,,,,,,,,Pre,BRADLEY.EDLIN@ATMOSENERGY.COM ,,,,,PO,,,,,,,PUSHED FROM CLEAN OUT LINE IS CLEAR-KB ,1,1,0400,"___json[{""pathname"":""/Collected Media/map_1843533/layer_4688672/mdc_photo_mdc_83f4c3_cdv_photo_004_1769105180121.jpg"",""rid"":41525582,""lid"":""4688672"",""fid"":""65764"",""field"":""photo_of_map"",""title"":""mdc_photo_mdc_83f4c3_cdv_photo_004_1769105180121.jpg"",""ext"":""jpg"",""panorama"":false,""isDir"":false}]",1,,23,20,50,VCO,FOUNDATION,EOA,0.0,32,20,,Yes,,06059849 ,,PRECON COMPLETE,,,,,/20,,,,,,,,,,,,,,,,,Lateral ,"___json[{""pathname"":""/Collected Media/map_1843533/layer_4688672/mdc_photo_mdc_fb9cf6_cdv_photo_1769024362_1769024706194.jpg"",""rid"":41515801,""lid"":""4688672"",""fid"":""65764"",""field"":""site_photo"",""title"":""mdc_photo_mdc_fb9cf6_cdv_photo_1769024362_1769024706194.jpg"",""ext"":""jpg"",""panorama"":false,""isDir"":false},{""pathname"":""/Collected Media/map_1843533/layer_4688672/mdc_photo_mdc_86283f_cdv_photo_1769024369_1769024706194.jpg"",""rid"":41515802,""lid"":""4688672"",""fid"":""65764"",""field"":""site_photo"",""title"":""mdc_photo_mdc_86283f_cdv_photo_1769024369_1769024706194.jpg"",""ext"":""jpg"",""panorama"":false,""isDir"":false},{""pathname"":""/Collected Media/map_1843533/layer_4688672/mdc_photo_mdc_679b91_cdv_photo_1769024631_1769024706194.jpg"",""rid"":41515803,""lid"":""4688672"",""fid"":""65764"",""field"":""site_photo"",""title"":""mdc_photo_mdc_679b91_cdv_photo_1769024631_1769024706194.jpg"",""ext"":""jpg"",""panorama"":false,""isDir"":false},{""pathname"":""/Collected Media/map_1843533/layer_4688672/mdc_photo_mdc_34200a_cdv_photo_1769024648_1769024706194.jpg"",""rid"":41515804,""lid"":""4688672"",""fid"":""65764"",""field"":""site_photo"",""title"":""mdc_photo_mdc_34200a_cdv_photo_1769024648_1769024706194.jpg"",""ext"":""jpg"",""panorama"":false,""isDir"":false}]",,CO,,Sanitary,,Daniel Batt ,,,,2026-01-21,,,,3900 PO,,,,
PRECON COMPLETE,2026-01-21,Colorado,340,North,9TH ST,HOLLY ,3900,,0.25,2026-01-21,,,3040 ,Daniel Batt ,Kaleb Berlier,,2026-01-21,,,,,,,27,26,30,36,0,59,0,0,0,0,,,,,,,RT,LT,GO,EOA,BREAK ,SM,,,,No,,,,,,,,1.4,21.0,46.0,81.0,83.0,88.0,,,,,,,Pre,BRADLEY.EDLIN@ATMOSENERGY.COM ,,,,,PO,,,,,,,PO FROM VCO LINE IS CLEAR-KB ,1,1,0400,"___json[{""pathname"":""/Collected Media/map_1843533/layer_4688672/mdc_photo_mdc_90fbdc_cdv_photo_007_1769106668927.jpg"",""rid"":41525878,""lid"":""4688672"",""fid"":""65769"",""field"":""photo_of_map"",""title"":""mdc_photo_mdc_90fbdc_cdv_photo_007_1769106668927.jpg"",""ext"":""jpg"",""panorama"":false,""isDir"":false}]",1,,24,22,24,VCO,END,CO,0.0,7.0,0.0,,Yes,,06059849 ,,PRECON COMPLETE,,,,,/20,,,,,,,,,,,,,,,,,Lateral ,"___json[{""pathname"":""/Collected Media/map_1843533/layer_4688672/mdc_photo_mdc_d38452_cdv_photo_1769034606_1769036129058.jpg"",""rid"":41517012,""lid"":""4688672"",""fid"":""65769"",""field"":""site_photo"",""title"":""mdc_photo_mdc_d38452_cdv_photo_1769034606_1769036129058.jpg"",""ext"":""jpg"",""panorama"":false,""isDir"":false},{""pathname"":""/Collected Media/map_1843533/layer_4688672/mdc_photo_mdc_c84a3d_cdv_photo_1769035867_1769036129058.jpg"",""rid"":41517013,""lid"":""4688672"",""fid"":""65769"",""field"":""site_photo"",""title"":""mdc_photo_mdc_c84a3d_cdv_photo_1769035867_1769036129058.jpg"",""ext"":""jpg"",""panorama"":false,""isDir"":false},{""pathname"":""/Collected Media/map_1843533/layer_4688672/mdc_photo_mdc_9a8342_cdv_photo_1769035871_1769036129058.jpg"",""rid"":41517014,""lid"":""4688672"",""fid"":""65769"",""field"":""site_photo"",""title"":""mdc_photo_mdc_9a8342_cdv_photo_1769035871_1769036129058.jpg"",""ext"":""jpg"",""panorama"":false,""isDir"":false},{""pathname"":""/Collected Media/map_1843533/layer_4688672/mdc_photo_mdc_899a84_cdv_photo_1769035879_1769036129058.jpg"",""rid"":41517015,""lid"":""4688672"",""fid"":""65769"",""field"":""site_photo"",""title"":""mdc_photo_mdc_899a84_cdv_photo_1769035879_1769036129058.jpg"",""ext"":""jpg"",""panorama"":false,""isDir"":false},{""pathname"":""/Collected Media/map_1843533/layer_4688672/mdc_photo_mdc_92259a_cdv_photo_1769035886_1769036129058.jpg"",""rid"":41517016,""lid"":""4688672"",""fid"":""65769"",""field"":""site_photo"",""title"":""mdc_photo_mdc_92259a_cdv_photo_1769035886_1769036129058.jpg"",""ext"":""jpg"",""panorama"":false,""isDir"":false},{""pathname"":""/Collected Media/map_1843533/layer_4688672/mdc_photo_mdc_6b0954_cdv_photo_1769035896_1769036129058.jpg"",""rid"":41517017,""lid"":""4688672"",""fid"":""65769"",""field"":""site_photo"",""title"":""mdc_photo_mdc_6b0954_cdv_photo_1769035896_1769036129058.jpg"",""ext"":""jpg"",""panorama"":false,""isDir"":false}]",,CO,,Sanitary,,Daniel Batt ,,,,2026-01-21,,,,3900 PO,,,,
PRECON COMPLETE,2026-01-21,Colorado,344,North,9TH ST,HOLLY ,3900,,0.25,2026-01-21,,,3040 ,Daniel Batt ,Kaleb Berlier,,2026-01-21,,,,,,,40,56,67,,,,0,0,0,0,,,,,,,GO,EOA,SM,,,,,,,No,,,,,,,,25,58,65,,,,,,,,,,Pre,BRADLEY.EDLIN@ATMOSENERGY.COM ,,,,,PO,,,,,,,PO FROM CLEAN OUTS LINE IS CLEAR-KB ,1,1,0400,"___json[{""pathname"":""/Collected Media/map_1843533/layer_4688672/mdc_photo_mdc_499d6c_cdv_photo_008_1769107094418.jpg"",""rid"":41526102,""lid"":""4688672"",""fid"":""65768"",""field"":""photo_of_map"",""title"":""mdc_photo_mdc_499d6c_cdv_photo_008_1769107094418.jpg"",""ext"":""jpg"",""panorama"":false,""isDir"":false}]",1,,34,32,34,VCO,FOUNDATION ,VCO,0.0,8,0,,Yes,,06059849 ,,PRECON COMPLETE,,,,,/20,,,,,,,,,,,,,,,,,,"___json[{""pathname"":""/Collected Media/map_1843533/layer_4688672/mdc_photo_mdc_d6b3de_cdv_photo_1769033283_1769033430036.jpg"",""rid"":41516801,""lid"":""4688672"",""fid"":""65768"",""field"":""site_photo"",""title"":""mdc_photo_mdc_d6b3de_cdv_photo_1769033283_1769033430036.jpg"",""ext"":""jpg"",""panorama"":false,""isDir"":false},{""pathname"":""/Collected Media/map_1843533/layer_4688672/mdc_photo_mdc_93c1f1_cdv_photo_1769033289_1769033430036.jpg"",""rid"":41516802,""lid"":""4688672"",""fid"":""65768"",""field"":""site_photo"",""title"":""mdc_photo_mdc_93c1f1_cdv_photo_1769033289_1769033430036.jpg"",""ext"":""jpg"",""panorama"":false,""isDir"":false},{""pathname"":""/Collected Media/map_1843533/layer_4688672/mdc_photo_mdc_62eda4_cdv_photo_1769033297_1769033430036.jpg"",""rid"":41516803,""lid"":""4688672"",""fid"":""65768"",""field"":""site_photo"",""title"":""mdc_photo_mdc_62eda4_cdv_photo_1769033297_1769033430036.jpg"",""ext"":""jpg"",""panorama"":false,""isDir"":false}]",,CO,,Sanitary,,Daniel Batt ,,,,2026-01-21,,,,3900 PO,,,,
PRECON COMPLETE,2026-01-21,Colorado,335 ,North,8TH ST,HOLLY ,3900,,0.25,2026-01-21,,,3040 ,Daniel Batt ,Kaleb Berlier,,2026-01-21,,,,,,,69,,,,,,0,0,0,0,,,,,,,SM,,,,,,,,,No,,,,,,,,47,,,,,,,,,,,,Pre,BRADLEY.EDLIN@ATMOSENERGY.COM ,,,,,PO,,,,,,,PO FROM VCO LINE IS CLEAR-KB ,1,1,0400,"___json[{""pathname"":""/Collected Media/map_1843533/layer_4688672/mdc_photo_mdc_fb5611_cdv_photo_006_1769105837292.jpg"",""rid"":41525763,""lid"":""4688672"",""fid"":""65767"",""field"":""photo_of_map"",""title"":""mdc_photo_mdc_fb5611_cdv_photo_006_1769105837292.jpg"",""ext"":""jpg"",""panorama"":false,""isDir"":false}]",1,,44,48,59,VCO,GO,EOA,0.0,22.0,40.0,,Yes,,06059849 ,,PRECON COMPLETE,,,,,/20,,,,,,,,,,,,,,,,,Lateral ,"___json[{""pathname"":""/Collected Media/map_1843533/layer_4688672/mdc_photo_mdc_3ea00e_cdv_photo_1769029820_1769029933906.jpg"",""rid"":41516393,""lid"":""4688672"",""fid"":""65767"",""field"":""site_photo"",""title"":""mdc_photo_mdc_3ea00e_cdv_photo_1769029820_1769029933906.jpg"",""ext"":""jpg"",""panorama"":false,""isDir"":false},{""pathname"":""/Collected Media/map_1843533/layer_4688672/mdc_photo_mdc_c24be7_cdv_photo_1769029843_1769029933906.jpg"",""rid"":41516394,""lid"":""4688672"",""fid"":""65767"",""field"":""site_photo"",""title"":""mdc_photo_mdc_c24be7_cdv_photo_1769029843_1769029933906.jpg"",""ext"":""jpg"",""panorama"":false,""isDir"":false},{""pathname"":""/Collected Media/map_1843533/layer_4688672/mdc_photo_mdc_7c8a4e_cdv_photo_1769029848_1769029933906.jpg"",""rid"":41516395,""lid"":""4688672"",""fid"":""65767"",""field"":""site_photo"",""title"":""mdc_photo_mdc_7c8a4e_cdv_photo_1769029848_1769029933906.jpg"",""ext"":""jpg"",""panorama"":false,""isDir"":false}]",,CO,,Sanitary,,Daniel Batt ,,,,2026-01-21,,,,3900 PO,,,,
CLIENT REVIEW,2026-01-21,Colorado,800,West,VAUGHN ST,HOLLY ,3900,,0.250000000000,2026-01-21,,,3040 ,Daniel Batt ,Kaleb Berlier,,2026-01-21,,,,,,,65,,,,,,0,0,0,0,,,,,,,SEWER MAIN,,,,,,,,,No,,,,,,,,54,,,,,,,,,,,,Pre,BRADLEY.EDLIN@ATMOSENERGY.COM ,,,,,PO,,,,,,,CANT PUSH DOWN STREAM IN CLEAN OUT DUE TO BLOCKAGE NO GAS METER-KB,1,1,0400,"___json[{""pathname"":""/Collected Media/map_1843533/layer_4688672/mdc_photo_mdc_4d732e_cdv_photo_003_1769104713683.jpg"",""rid"":41525541,""lid"":""4688672"",""fid"":""65763"",""field"":""photo_of_map"",""title"":""mdc_photo_mdc_4d732e_cdv_photo_003_1769104713683.jpg"",""ext"":""jpg"",""panorama"":false,""isDir"":false}]",1,,20,25,34,VCO,GO,DROP,0,25,49,,Yes,,06059849 ,,CLIENT REVIEW,,,,,/20,,,,,,,,,,,,,,,,,Lateral ,"___json[{""pathname"":""/Collected Media/map_1843533/layer_4688672/mdc_photo_mdc_613daf_cdv_photo_1769023085_1769023393578.jpg"",""rid"":41515578,""lid"":""4688672"",""fid"":""65763"",""field"":""site_photo"",""title"":""mdc_photo_mdc_613daf_cdv_photo_1769023085_1769023393578.jpg"",""ext"":""jpg"",""panorama"":false,""isDir"":false},{""pathname"":""/Collected Media/map_1843533/layer_4688672/mdc_photo_mdc_2ec5c5_cdv_photo_1769023092_1769023393578.jpg"",""rid"":41515579,""lid"":""4688672"",""fid"":""65763"",""field"":""site_photo"",""title"":""mdc_photo_mdc_2ec5c5_cdv_photo_1769023092_1769023393578.jpg"",""ext"":""jpg"",""panorama"":false,""isDir"":false},{""pathname"":""/Collected Media/map_1843533/layer_4688672/mdc_photo_mdc_a800be_cdv_photo_004_1769023682087.jpg"",""rid"":41515705,""lid"":""4688672"",""fid"":""65763"",""field"":""site_photo"",""title"":""mdc_photo_mdc_a800be_cdv_photo_004_1769023682087.jpg"",""ext"":""jpg"",""panorama"":false,""isDir"":false},{""pathname"":""/Collected Media/map_1843533/layer_4688672/mdc_photo_mdc_8176ea_cdv_photo_005_1769023682087.jpg"",""rid"":41515706,""lid"":""4688672"",""fid"":""65763"",""field"":""site_photo"",""title"":""mdc_photo_mdc_8176ea_cdv_photo_005_1769023682087.jpg"",""ext"":""jpg"",""panorama"":false,""isDir"":false}]",,CO,,Sanitary,A,Daniel Batt ,,,,2026-01-21,,,,3900 PO,,,,
PRECON COMPLETE,2026-01-20,Colorado,544,West,PARK ST ,HOLLY ,3900,,0.500000000000,2026-01-20,,,3041 ,Daniel Batt ,Kaleb Berlier,,2026-01-20,,,,,,,,,,,,,0,0,0,0,,,,,,,,,,,,,,,,No,West,,,,,,,,,,,,,,,,,,,Pre,BRADLEY.EDLIN@ATMOSENERGY.COM ,,,1,50.300000000000,LETS,,MH 544 W PARK ST ,,,,,LINE IS CAPPED / BLOCKED AT 9.7’. INACTIVE LINE.-KB,1,1,0400,"___json[{""pathname"":""/Collected Media/map_1843533/layer_4688672/mdc_photo_mdc_59b346_cdv_photo_085_1768928795947.jpg"",""rid"":41502381,""lid"":""4688672"",""fid"":""65752"",""field"":""photo_of_map"",""title"":""mdc_photo_mdc_59b346_cdv_photo_085_1768928795947.jpg"",""ext"":""jpg"",""panorama"":false,""isDir"":false}]",,,57,30,,TAP,CAP,,50.300000000000,9.700000000000,,,Yes,,06059849 ,Yes,PRECON COMPLETE,,,,,01/22/26,,,,Christian Morey,,,,Pass,,,,,,,,,Lateral ,"___json[{""pathname"":""/Collected Media/map_1843533/layer_4688672/mdc_photo_mdc_9cf2be_cdv_photo_000_1768928574474.jpg"",""rid"":41502365,""lid"":""4688672"",""fid"":""65752"",""field"":""site_photo"",""title"":""mdc_photo_mdc_9cf2be_cdv_photo_000_1768928574474.jpg"",""ext"":""jpg"",""panorama"":false,""isDir"":false},{""pathname"":""/Collected Media/map_1843533/layer_4688672/mdc_photo_mdc_744571_cdv_photo_087_1768929094632.jpg"",""rid"":41502419,""lid"":""4688672"",""fid"":""65752"",""field"":""site_photo"",""title"":""mdc_photo_mdc_744571_cdv_photo_087_1768929094632.jpg"",""ext"":""jpg"",""panorama"":false,""isDir"":false}]",,CO,,Sanitary,,Daniel Batt ,,,,2026-01-20,,,,3900 LETS,,,,https://pioneer.sewerai.com/dashboard/review/5c824d99-b314-4571-9eef-3fdb182ded20?limit=30&offset=0&project=24PV0400+ATMOS+-+CO&ordering=-Inspection_Date&client_reviewed=false
PRECON COMPLETE,2026-01-20,Colorado,MH 544 W PARK ST ,West,PARK ST ,HOLLY ,3900,,1,2026-01-20,,,3040 ,Daniel Batt ,Kaleb Berlier,,2026-01-20,,,,,,,,,,,,,0,0,0,0,,,,,,,,,,,,,,,,No,,,,,,,,,,,,,,,,,,,,Pre,BRADLEY.EDLIN@ATMOSENERGY.COM ,,,,,,,MH 544 W PARK ST ,,,,,LINE IS CLEAR-KB ,1,1,0400,"___json[{""pathname"":""/Collected Media/map_1843533/layer_4688672/mdc_photo_mdc_b70d96_cdv_photo_021_1768946899534.jpg"",""rid"":41505090,""lid"":""4688672"",""fid"":""65758"",""field"":""photo_of_map"",""title"":""mdc_photo_mdc_b70d96_cdv_photo_021_1768946899534.jpg"",""ext"":""jpg"",""panorama"":false,""isDir"":false}]",,,61,56,45,MH,MH,MH,0,330,531,,Yes,,06059849 ,Yes,PRECON COMPLETE,,,,,01/22/26,,,,Christian Morey,,,,Pass,,,,,,,,531,Main,"___json[{""pathname"":""/Collected Media/map_1843533/layer_4688672/mdc_photo_mdc_89e451_cdv_photo_018_1768946688216.jpg"",""rid"":41505062,""lid"":""4688672"",""fid"":""65758"",""field"":""site_photo"",""title"":""mdc_photo_mdc_89e451_cdv_photo_018_1768946688216.jpg"",""ext"":""jpg"",""panorama"":false,""isDir"":false},{""pathname"":""/Collected Media/map_1843533/layer_4688672/mdc_photo_mdc_6b0c6f_cdv_photo_019_1768946688216.jpg"",""rid"":41505063,""lid"":""4688672"",""fid"":""65758"",""field"":""site_photo"",""title"":""mdc_photo_mdc_6b0c6f_cdv_photo_019_1768946688216.jpg"",""ext"":""jpg"",""panorama"":false,""isDir"":false},{""pathname"":""/Collected Media/map_1843533/layer_4688672/mdc_photo_mdc_1d903e_cdv_photo_022_1768946899534.jpg"",""rid"":41505091,""lid"":""4688672"",""fid"":""65758"",""field"":""site_photo"",""title"":""mdc_photo_mdc_1d903e_cdv_photo_022_1768946899534.jpg"",""ext"":""jpg"",""panorama"":false,""isDir"":false}]",,CO,,Sanitary,ML WEST TO MH 730 W PARK ST,Daniel Batt ,,,,2026-01-20,,,,3900 LETS,,,,https://pioneer.sewerai.com/dashboard/review/24ac3960-988c-4c49-bd18-578dd930e762?limit=30&offset=0&project=24PV0400+ATMOS+-+CO&ordering=-Inspection_Date&client_reviewed=false
PRECON COMPLETE,2026-01-22,Colorado,749,East,W CHEYENNE ,HOLLY ,3900,,,2026-01-22,,,3040 ,Daniel Batt ,Kaleb Berlier,,2026-01-22,,,,,,,,,,,,,0,0,0,0,,,,,,,,,,,,,,,,No,,,,,,,,,,,,,,,,,,,,Pre,BRADLEY.EDLIN@ATMOSENERGY.COM ,,,,0,LETS,,MH 615 W CHEYENNE ST ,,,,,BLOCKAGE INACTIVE LINE-KB,1,1,0400,"___json[{""pathname"":""/Collected Media/map_1843533/layer_4688672/mdc_photo_mdc_bb1d79_cdv_photo_000_1769120269389.jpg"",""rid"":41527756,""lid"":""4688672"",""fid"":""65777"",""field"":""photo_of_map"",""title"":""mdc_photo_mdc_bb1d79_cdv_photo_000_1769120269389.jpg"",""ext"":""jpg"",""panorama"":false,""isDir"":false}]",,,85,85,,TAP,END ,,0,0,,,Yes,,06059849 ,,PRECON COMPLETE,,,,,/20,,,,,,,,,,,,,,,,,Lateral ,"___json[{""pathname"":""/Collected Media/map_1843533/layer_4688672/mdc_photo_mdc_8c70aa_cdv_photo_001_1769120269389.jpg"",""rid"":41527757,""lid"":""4688672"",""fid"":""65777"",""field"":""site_photo"",""title"":""mdc_photo_mdc_8c70aa_cdv_photo_001_1769120269389.jpg"",""ext"":""jpg"",""panorama"":false,""isDir"":false}]",,CO,,Sanitary,A,Daniel Batt ,,,,2026-01-22,,,,3900 LETS,,,,
PRECON COMPLETE,2026-01-22,Colorado,749,,W CHEYENNE ,HOLLY ,3900,,0.25,2026-01-22,,,3040 ,Daniel Batt ,Kaleb Berlier,,2026-01-22,,,,,,,,,,,,,0,0,0,0,,,,,,,,,,,,,,,,No,,,,,,,,,,,,,,,,,,,,Pre,BRADLEY.EDLIN@ATMOSENERGY.COM ,,,1,1.1,LETS,,MH 615 W CHEYENNE ST ,,,,,BLOCKED AND OR CAPPED-KB,1,1,0400,,,,85,85,,TAP,,,1.1,1,,,Yes,,06059849 ,,PRECON COMPLETE,,,,,/20,,,,,,,,,,,,,,,,,Lateral ,,,CO,,Sanitary,B,Daniel Batt ,,,,2026-01-22,,,,3900 LETS,,,,
DOOR TAG,2026-01-22,Colorado,317,North,8TH ST,HOLLY ,3900,,0.25,2026-01-22,,,3040 ,Nathan Freeman,Michael Thompson,,2026-01-22,,,,,,,,,,,,,0,0,0,0,,,,,,,,,,,,,,,,No,,,,,,,,,,,,,,,,,,,,Pre,BRADLEY.EDLIN@ATMOSENERGY.COM ,,,,,PO,,,,,,,NEEDS PO,1,1,0400,,1,,,,,,,,,,,,No,,06059849 ,,DOOR TAG,,,,,/20,,,,,,,,,,,,,,,,,Lateral ,,,CO,,Sanitary,,Nathan Freeman,,,,2026-01-22,,,,3900 PO,,,,
DOOR TAG,2026-01-21,Colorado,319,North,8TH ST,HOLLY ,3900,,,2026-01-21,,,3040 ,N/A,,,2026-01-21,,,,,,,,,,,,,0,0,0,0,,,,,,,,,,,,,,,,No,,,,,,,,,,,,,,,,,,,,Pre,BRADLEY.EDLIN@ATMOSENERGY.COM ,,,,,,,,,,,,,,,0400,,,,,,,,,,,,,,No,,06059849 ,,DOOR TAG,,,,,/20,,,,,,,,,,,,,,,,,,,,CO,,Sanitary,,N/A,,,,,,,,,,,,
DOOR TAG,2026-01-21,Colorado,323,North,8TH ST,HOLLY ,3900,,,2026-01-22,,,3040 ,N/A,,,2026-01-21,,,,,,,,,,,,,0,0,0,0,,,,,,,,,,,,,,,,No,,,,,,,,,,,,,,,,,,,,Pre,BRADLEY.EDLIN@ATMOSENERGY.COM ,,,,,,,,,,,,,,,0400,,,,,,,,,,,,,,No,,06059849 ,,DOOR TAG,,,,,/20,,,,,,,,,,,,,,,,,,,,CO,,Sanitary,,N/A,,,,,,,,,,,,
DOOR TAG,2026-01-21,Colorado,327,North,8TH ST,HOLLY ,3900,,,2026-01-21,,,3040 ,N/A,,,2026-01-21,,,,,,,,,,,,,0,0,0,0,,,,,,,,,,,,,,,,No,,,,,,,,,,,,,,,,,,,,Pre,BRADLEY.EDLIN@ATMOSENERGY.COM ,,,,,,,,,,,,,,,0400,,,,,,,,,,,,,,No,,06059849 ,,DOOR TAG,,,,,/20,,,,,,,,,,,,,,,,,,,,CO,,Sanitary,,N/A,,,,,,,,,,,,
RECON,2026-01-23,Colorado,838,,VAUGHN ST ,HOLLY ,3900,,,,,,3040 ,N/A,,,2026-01-23,,,,,,,,,,,,,0,0,0,0,,,,,,,,,,,,,,,,No,,,,,,,,,,,,,,,,,,,,Pre,BRADLEY.EDLIN@ATMOSENERGY.COM ,,,,,,,,,,,,,,,0400,,,,,,,,,,,,,,No,,06059849 ,,RECON,,,,,/20,,,,,,,,,,,,,,,,,Lateral ,,,CO,,Sanitary,,N/A,,,,,,,,,,,,
RECON,2026-01-23,Colorado,333,,9TH ST ,HOLLY ,3900,,,,,,3040 ,N/A,,,2026-01-23,,,,,,,,,,,,,0,0,0,0,,,,,,,,,,,,,,,,No,,,,,,,,,,,,,,,,,,,,Pre,BRADLEY.EDLIN@ATMOSENERGY.COM ,,,,,,,,,,,,,,,0400,,,,,,,,,,,,,,No,,06059849 ,,RECON,,,,,/20,,,,,,,,,,,,,,,,,Lateral ,,,CO,,Sanitary,,N/A,,,,,,,,,,,,
RECON,2026-01-23,Colorado,335,,9TH ST ,HOLLY ,3900,,,,,,3040 ,N/A,,,2026-01-23,,,,,,,,,,,,,0,0,0,0,,,,,,,,,,,,,,,,No,,,,,,,,,,,,,,,,,,,,Pre,BRADLEY.EDLIN@ATMOSENERGY.COM ,,,,,,,,,,,,,,,0400,,,,,,,,,,,,,,No,,06059849 ,,RECON,,,,,/20,,,,,,,,,,,,,,,,,Lateral ,,,CO,,Sanitary,,N/A,,,,,,,,,,,,
RECON,2026-01-23,Colorado,339,,9TH ST ,HOLLY ,3900,,,,,,3040 ,N/A,,,2026-01-23,,,,,,,,,,,,,0,0,0,0,,,,,,,,,,,,,,,,No,,,,,,,,,,,,,,,,,,,,Pre,BRADLEY.EDLIN@ATMOSENERGY.COM ,,,,,,,,,,,,,,,0400,,,,,,,,,,,,,,No,,06059849 ,,RECON,,,,,/20,,,,,,,,,,,,,,,,,,,,CO,,Sanitary,,N/A,,,,,,,,,,,,
RECON,2026-01-23,Colorado,311,,9TH ST ,HOLLY ,3900,,,2026-01-23,,,3040 ,N/A,,,2026-01-23,,,,,,,,,,,,,0,0,0,0,,,,,,,,,,,,,,,,No,,,,,,,,,,,,,,,,,,,,Pre,BRADLEY.EDLIN@ATMOSENERGY.COM ,,,,,,,,,,,,,,,0400,,,,,,,,,,,,,,No,,06059849 ,,RECON,,,,,/20,,,,,,,,,,,,,,,,,,,,CO,,Sanitary,,N/A,,,,,,,,,,,,
RECON,2026-01-23,Colorado,339,,9TH ST ,HOLLY ,3900,,,,,,3040 ,N/A,,,2026-01-23,,,,,,,,,,,,,0,0,0,0,,,,,,,,,,,,,,,,No,,,,,,,,,,,,,,,,,,,,Pre,BRADLEY.EDLIN@ATMOSENERGY.COM ,,,,,,,,,,,,,,,0400,,,,,,,,,,,,,,No,,06059849 ,,RECON,,,,,/20,,,,,,,,,,,,,,,,,,,,CO,,Sanitary,,N/A,,,,,,,,,,,,
RECON,2026-01-23,Colorado,843,,9TH ST ,HOLLY ,3900,,,,,,3040 ,N/A,,,2026-01-23,,,,,,,,,,,,,0,0,0,0,,,,,,,,,,,,,,,,No,,,,,,,,,,,,,,,,,,,,Pre,BRADLEY.EDLIN@ATMOSENERGY.COM ,,,,,,,,,,,,,,,0400,,,,,,,,,,,,,,No,,06059849 ,,RECON,,,,,/20,,,,,,,,,,,,,,,,,Lateral ,,,CO,,Sanitary,,N/A,,,,,,,,,,,,
RECON,2026-01-23,Colorado,845,,9TH ST ,HOLLY ,3900,,,,,,3040 ,N/A,,,2026-01-23,,,,,,,,,,,,,0,0,0,0,,,,,,,,,,,,,,,,No,,,,,,,,,,,,,,,,,,,,Pre,BRADLEY.EDLIN@ATMOSENERGY.COM ,,,,,,,,,,,,,,,0400,,,,,,,,,,,,,,No,,06059849 ,,RECON,,,,,/20,,,,,,,,,,,,,,,,,Lateral ,,,CO,,Sanitary,,N/A,,,,,,,,,,,,
RECON,2026-01-23,Colorado,310,,9TH ST ,HOLLY ,3900,,,,,,3040 ,N/A,,,2026-01-23,,,,,,,,,,,,,0,0,0,0,,,,,,,,,,,,,,,,No,,,,,,,,,,,,,,,,,,,,Pre,BRADLEY.EDLIN@ATMOSENERGY.COM ,,,,,,,,,,,,,,,0400,,,,,,,,,,,,,,No,,06059849 ,,RECON,,,,,/20,,,,,,,,,,,,,,,,,Lateral ,,,CO,,Sanitary,,N/A,,,,,,,,,,,,
LETS,2026-01-21,Colorado,720,West,CHEYENNE ST ,HOLLY ,2600,,1.0,,,,3040,Dustin House,Michael Thompson,,2026-01-21,,,,,,,,,,,,,0,0,0,0,,,,,,,,,,,,,,,,No,,,,,,,,,,,,,,,,,,,,Pre,BRADLEY.EDLIN@ATMOSENERGY.COM ,,,,,,,,,,,,"01/21/25 2600 Truck ** Lead - Dustin H, Tech - Michael T 
Attempted to push Cleanout on property, Cleanout is 6 foot deep and half way filled with water debris, tried to use Donkey and Small reel still didnt get anywhere property isnt receiving any new gas but the gas main runs across the rear of the property so it will need to be verified ",,,0400,,,,,,,,,,,,,,No,,06059849 ,,LETS,,,,,/20,,,,,,,,,,,,,,,,,,,,CO,,,,N/A,,,,,,,,,,,,
