stage,date_of_status_update,district,address,street_dir,street_name,city,cleared_by_employee,cb_date,cb_report,cleanout_installed_y_n,clear_date,cleared_by,combined_hourly,conflict_repair_date,cost_center,crew_lead,crew_tech,depth_1,depth_2,depth_3,depth_4,depth_5,depth_6,depth_7,depth_8,desc_1,desc_2,desc_3,desc_4,desc_5,desc_6,desc_7,desc_8,dig_date,dig_notes,dig_photos,dig_y_n,dir_lat_frm_mh,dist_1,dist_2,dist_3,dist_4,dist_5,dist_6,dist_7,dist_8,dist_mh_to_lat,door_tag_date1,end_mh,equipment_utilized,field_notes,gas_main_clr_date,gas_main_clr_method,gas_service_clr_date,gas_service_clr_method,inspection_type,inspector,invest_notes_time_4,invest_time,invest_time_notes,invest_time_notes_2,invest_time_notes_3,invest_time_today,invest_y_n,lat,lat_launch,long,measurements_y_n,no_videos_today,no_videos_total,notes_doortag,notes_extra,number_of_cleanouts_installed,number_of_crew_members,number_of_dig_hr,number_of_rods,per_diem,phase,photo_map,pipe_complete,po_lats,po_ml_ft,project_no,pv_stage,qa_comments_1,qa_comments_2,qa_comments_3,qa_name,qa_p_f_1,qa_p_f_2,qa_p_f_3,qc_comments_1,qc_comments_2,qc_comments_3,qc_date_1,qc_date_2,qc_date_3,qc_name_1,qc_name_2,qc_name_3,qc_p_f_1,qc_p_f_2,qc_p_f_3,ref_1,ref_2,ref_3,ref_4,ref_5,ref_6,ref_7,ref_8,rerun_deadline,rerun_y_n,sewer_main_jet_ft,sewer_type,site_photo_notes,site_photos,sm_ft,start_mh,state,status_update,street_direction,time,to_bldg,truck_invest_time,utility_type,video_1,video_2,video_3,video_date_1,video_date_2,video_date_3,video_device_1,video_device_2,video_device_3,video_url,video_url_2,video_url_3
PRECON COMPLETE,2026-01-06,Atmos Colorado,1046 ,,Cheyenne ST,Holly ,,,,,2026/01/06,2600,0.5,,3040 ,Dustin House,Michael Thompson,0.6,0.36,0.34,0.36,0.32,0.27,0.24,,End ,GO,EOR,GO,GO,GO,CO,,,,,,,58,50,40,30,20,10,0,,,,,PO,,2026/01/06,PO,2026/01/06,PO,Pre,BRADLEY.EDLIN@ATMOSENERGY.COM ,,0.5,,,,,Yes,,,,Yes,1,1,,"01/06/25 2600 Truck ** Lead - Dustin H, Tech - Michael T ",,,,,,400,"___json[{""pathname"":""/Collected Media/map_2934234/layer_7127604/mdc_photo_mdc_1bd773_cdv_photo_000_1767717987344.jpg"",""rid"":41382149,""lid"":""7127604"",""fid"":""2809"",""field"":""photo_map"",""title"":""mdc_photo_mdc_1bd773_cdv_photo_000_1767717987344.jpg"",""ext"":""jpg"",""panorama"":false,""isDir"":false}]",N/A,1,,06059849 ,PRECON COMPLETE,,,,,,,,,,,,,,,,,,,,,,,,,,,,,,,Lateral Inspection,,"___json[{""pathname"":""/Collected Media/map_2934234/layer_7127604/mdc_photo_mdc_28ae56_cdv_photo_001_1767717987344.jpg"",""rid"":41382150,""lid"":""7127604"",""fid"":""2809"",""field"":""site_photos"",""title"":""mdc_photo_mdc_28ae56_cdv_photo_001_1767717987344.jpg"",""ext"":""jpg"",""panorama"":false,""isDir"":false},{""pathname"":""/Collected Media/map_2934234/layer_7127604/mdc_photo_mdc_34cbed_cdv_photo_002_1767717987344.jpg"",""rid"":41382151,""lid"":""7127604"",""fid"":""2809"",""field"":""site_photos"",""title"":""mdc_photo_mdc_34cbed_cdv_photo_002_1767717987344.jpg"",""ext"":""jpg"",""panorama"":false,""isDir"":false},{""pathname"":""/Collected Media/map_2934234/layer_7127604/mdc_photo_mdc_38f62c_cdv_photo_003_1767717987344.jpg"",""rid"":41382152,""lid"":""7127604"",""fid"":""2809"",""field"":""site_photos"",""title"":""mdc_photo_mdc_38f62c_cdv_photo_003_1767717987344.jpg"",""ext"":""jpg"",""panorama"":false,""isDir"":false},{""pathname"":""/Collected Media/map_2934234/layer_7127604/mdc_photo_mdc_43180e_cdv_photo_004_1767717987344.jpg"",""rid"":41382153,""lid"":""7127604"",""fid"":""2809"",""field"":""site_photos"",""title"":""mdc_photo_mdc_43180e_cdv_photo_004_1767717987344.jpg"",""ext"":""jpg"",""panorama"":false,""isDir"":false},{""pathname"":""/Collected Media/map_2934234/layer_7127604/mdc_photo_mdc_d636e2_cdv_photo_005_1767717987344.jpg"",""rid"":41382154,""lid"":""7127604"",""fid"":""2809"",""field"":""site_photos"",""title"":""mdc_photo_mdc_d636e2_cdv_photo_005_1767717987344.jpg"",""ext"":""jpg"",""panorama"":false,""isDir"":false},{""pathname"":""/Collected Media/map_2934234/layer_7127604/mdc_photo_mdc_07e5b8_cdv_photo_006_1767717987344.jpg"",""rid"":41382155,""lid"":""7127604"",""fid"":""2809"",""field"":""site_photos"",""title"":""mdc_photo_mdc_07e5b8_cdv_photo_006_1767717987344.jpg"",""ext"":""jpg"",""panorama"":false,""isDir"":false},{""pathname"":""/Collected Media/map_2934234/layer_7127604/mdc_photo_mdc_564ee2_cdv_photo_007_1767717987344.jpg"",""rid"":41382156,""lid"":""7127604"",""fid"":""2809"",""field"":""site_photos"",""title"":""mdc_photo_mdc_564ee2_cdv_photo_007_1767717987344.jpg"",""ext"":""jpg"",""panorama"":false,""isDir"":false},{""pathname"":""/Collected Media/map_2934234/layer_7127604/mdc_photo_mdc_b3e4b4_cdv_photo_008_1767717987344.jpg"",""rid"":41382157,""lid"":""7127604"",""fid"":""2809"",""field"":""site_photos"",""title"":""mdc_photo_mdc_b3e4b4_cdv_photo_008_1767717987344.jpg"",""ext"":""jpg"",""panorama"":false,""isDir"":false}]",,,CO,2026/01/06,,09:33,,,Sanitary Sewer/Combo,Michael Thompson,N/A,,2026/01/06,,,N/A,,,,,
PRECON COMPLETE,2026-01-06,Atmos Colorado,123,,11th ST ,Holly ,,,,,2026/01/06,2600,,,3040 ,Dustin House,Michael Thompson,0.5,0.49,0.48,0.44,0.44,0.41,,,End ,GO,EOR,GO,GO,CO,,,,,,,,58,50,40,20,10,0,,,,,,PO,,2026/01/06,PO,2026/01/06,PO,Pre,BRADLEY.EDLIN@ATMOSENERGY.COM ,,,,,,,,,,,Yes,1,1,,"01/06/25 2600 Truck ** Lead - Dustin H, Tech - Michael T ",,,,,,400,"___json[{""pathname"":""/Collected Media/map_2934234/layer_7127604/mdc_photo_mdc_c66046_cdv_photo_009_1767718338846.jpg"",""rid"":41382242,""lid"":""7127604"",""fid"":""2810"",""field"":""photo_map"",""title"":""mdc_photo_mdc_c66046_cdv_photo_009_1767718338846.jpg"",""ext"":""jpg"",""panorama"":false,""isDir"":false}]",N/A,1,,06059849 ,PRECON COMPLETE,,,,,,,,,,,,,,,,,,,,,,,,,,,,,,,Lateral Inspection,,"___json[{""pathname"":""/Collected Media/map_2934234/layer_7127604/mdc_photo_mdc_0ca518_cdv_photo_010_1767718338846.jpg"",""rid"":41382243,""lid"":""7127604"",""fid"":""2810"",""field"":""site_photos"",""title"":""mdc_photo_mdc_0ca518_cdv_photo_010_1767718338846.jpg"",""ext"":""jpg"",""panorama"":false,""isDir"":false},{""pathname"":""/Collected Media/map_2934234/layer_7127604/mdc_photo_mdc_ab11f3_cdv_photo_011_1767718338846.jpg"",""rid"":41382244,""lid"":""7127604"",""fid"":""2810"",""field"":""site_photos"",""title"":""mdc_photo_mdc_ab11f3_cdv_photo_011_1767718338846.jpg"",""ext"":""jpg"",""panorama"":false,""isDir"":false},{""pathname"":""/Collected Media/map_2934234/layer_7127604/mdc_photo_mdc_347e5b_cdv_photo_012_1767718338846.jpg"",""rid"":41382245,""lid"":""7127604"",""fid"":""2810"",""field"":""site_photos"",""title"":""mdc_photo_mdc_347e5b_cdv_photo_012_1767718338846.jpg"",""ext"":""jpg"",""panorama"":false,""isDir"":false},{""pathname"":""/Collected Media/map_2934234/layer_7127604/mdc_photo_mdc_fc6cef_cdv_photo_013_1767718338846.jpg"",""rid"":41382246,""lid"":""7127604"",""fid"":""2810"",""field"":""site_photos"",""title"":""mdc_photo_mdc_fc6cef_cdv_photo_013_1767718338846.jpg"",""ext"":""jpg"",""panorama"":false,""isDir"":false},{""pathname"":""/Collected Media/map_2934234/layer_7127604/mdc_photo_mdc_b5fe1f_cdv_photo_014_1767718338846.jpg"",""rid"":41382247,""lid"":""7127604"",""fid"":""2810"",""field"":""site_photos"",""title"":""mdc_photo_mdc_b5fe1f_cdv_photo_014_1767718338846.jpg"",""ext"":""jpg"",""panorama"":false,""isDir"":false},{""pathname"":""/Collected Media/map_2934234/layer_7127604/mdc_photo_mdc_a8c7fb_cdv_photo_015_1767718338846.jpg"",""rid"":41382248,""lid"":""7127604"",""fid"":""2810"",""field"":""site_photos"",""title"":""mdc_photo_mdc_a8c7fb_cdv_photo_015_1767718338846.jpg"",""ext"":""jpg"",""panorama"":false,""isDir"":false},{""pathname"":""/Collected Media/map_2934234/layer_7127604/mdc_photo_mdc_fdee31_cdv_photo_016_1767718338846.jpg"",""rid"":41382249,""lid"":""7127604"",""fid"":""2810"",""field"":""site_photos"",""title"":""mdc_photo_mdc_fdee31_cdv_photo_016_1767718338846.jpg"",""ext"":""jpg"",""panorama"":false,""isDir"":false}]",,,CO,2026/01/06,,09:49,,,Sanitary Sewer/Combo,Michael Thompson,N/A,,2026/01/06,,,N/A,,,,,
PRECON COMPLETE,2026-01-06,Atmos Colorado,Lot 5 ,,11th ST ,Holly ,,,,,2026/01/06,2600,,,3040 ,Dustin House,Michael Thompson,0.66,0.57,0.53,0.47,0.46,,,,End ,GO,GO,GO,CO,,,,,,,,,39,30,20,10,0,,,,,,,PO,,2026/01/06,PO,2026/01/06,PO,Pre,BRADLEY.EDLIN@ATMOSENERGY.COM ,,0.25,,,,,Yes,,,,Yes,1,1,,"01/06/25 2600 Truck ** Lead - Dustin H, Tech - Michael T ",,,,,,400,"___json[{""pathname"":""/Collected Media/map_2934234/layer_7127604/mdc_photo_mdc_1d69a9_cdv_photo_030_1767719564386.jpg"",""rid"":41382490,""lid"":""7127604"",""fid"":""2815"",""field"":""photo_map"",""title"":""mdc_photo_mdc_1d69a9_cdv_photo_030_1767719564386.jpg"",""ext"":""jpg"",""panorama"":false,""isDir"":false}]",N/A,1,,06059849 ,PRECON COMPLETE,,,,,,,,,,,,,,,,,,,,,,,,,,,,,,,Lateral Inspection,,"___json[{""pathname"":""/Collected Media/map_2934234/layer_7127604/mdc_photo_mdc_88d665_cdv_photo_031_1767719564386.jpg"",""rid"":41382491,""lid"":""7127604"",""fid"":""2815"",""field"":""site_photos"",""title"":""mdc_photo_mdc_88d665_cdv_photo_031_1767719564386.jpg"",""ext"":""jpg"",""panorama"":false,""isDir"":false},{""pathname"":""/Collected Media/map_2934234/layer_7127604/mdc_photo_mdc_1db2e0_cdv_photo_032_1767719564386.jpg"",""rid"":41382492,""lid"":""7127604"",""fid"":""2815"",""field"":""site_photos"",""title"":""mdc_photo_mdc_1db2e0_cdv_photo_032_1767719564386.jpg"",""ext"":""jpg"",""panorama"":false,""isDir"":false},{""pathname"":""/Collected Media/map_2934234/layer_7127604/mdc_photo_mdc_f6de49_cdv_photo_033_1767719564386.jpg"",""rid"":41382493,""lid"":""7127604"",""fid"":""2815"",""field"":""site_photos"",""title"":""mdc_photo_mdc_f6de49_cdv_photo_033_1767719564386.jpg"",""ext"":""jpg"",""panorama"":false,""isDir"":false},{""pathname"":""/Collected Media/map_2934234/layer_7127604/mdc_photo_mdc_758f52_cdv_photo_034_1767719564386.jpg"",""rid"":41382494,""lid"":""7127604"",""fid"":""2815"",""field"":""site_photos"",""title"":""mdc_photo_mdc_758f52_cdv_photo_034_1767719564386.jpg"",""ext"":""jpg"",""panorama"":false,""isDir"":false},{""pathname"":""/Collected Media/map_2934234/layer_7127604/mdc_photo_mdc_c1367b_cdv_photo_035_1767719564386.jpg"",""rid"":41382495,""lid"":""7127604"",""fid"":""2815"",""field"":""site_photos"",""title"":""mdc_photo_mdc_c1367b_cdv_photo_035_1767719564386.jpg"",""ext"":""jpg"",""panorama"":false,""isDir"":false},{""pathname"":""/Collected Media/map_2934234/layer_7127604/mdc_photo_mdc_e4b485_cdv_photo_036_1767719564386.jpg"",""rid"":41382496,""lid"":""7127604"",""fid"":""2815"",""field"":""site_photos"",""title"":""mdc_photo_mdc_e4b485_cdv_photo_036_1767719564386.jpg"",""ext"":""jpg"",""panorama"":false,""isDir"":false}]",,,CO,2026/01/06,,10:10,,,Sanitary Sewer/Combo,Michael Thompson,N/A,,2026/01/06,,,N/A,,,,,
PRECON COMPLETE,2026-01-06,Atmos Colorado,1040,,Cheyenne ST,Holly ,,,,,2026/01/06,2600,,,3040 ,Dustin House,Michael Thompson,0.66,0.56,0.47,0.45,0.39,0.35,0.31,0.28,End ,GO,EOR,GO,GO,CO,GO,GO,,,,,,116,110,100,90,80,71,60,50,,,,PO,"R9 / GO @ 40 @ 0.27
R10 / GO @ 30 @ 0.28
R11 / CO @ 20 @ 0.28
R12 / GO @ 10 @ 0.24",2026/01/06,PO,2026/01/06,PO,Pre,BRADLEY.EDLIN@ATMOSENERGY.COM ,,,,,,,,,,,Yes,1,1,,"01/06/25 2600 Truck ** Lead - Dustin H, Tech - Michael T ",,,,,,400,"___json[{""pathname"":""/Collected Media/map_2934234/layer_7127604/mdc_photo_mdc_03d7c9_cdv_photo_013_1767724901263.jpg"",""rid"":41383563,""lid"":""7127604"",""fid"":""2816"",""field"":""photo_map"",""title"":""mdc_photo_mdc_03d7c9_cdv_photo_013_1767724901263.jpg"",""ext"":""jpg"",""panorama"":false,""isDir"":false}]",N/A,1,,06059849 ,PRECON COMPLETE,,,,,,,,,,,,,,,,,,,,,,,,,,,,,,,Lateral Inspection,,"___json[{""pathname"":""/Collected Media/map_2934234/layer_7127604/mdc_photo_mdc_59eec2_cdv_photo_000_1767724901263.jpg"",""rid"":41383564,""lid"":""7127604"",""fid"":""2816"",""field"":""site_photos"",""title"":""mdc_photo_mdc_59eec2_cdv_photo_000_1767724901263.jpg"",""ext"":""jpg"",""panorama"":false,""isDir"":false},{""pathname"":""/Collected Media/map_2934234/layer_7127604/mdc_photo_mdc_01d5bc_cdv_photo_001_1767724901263.jpg"",""rid"":41383565,""lid"":""7127604"",""fid"":""2816"",""field"":""site_photos"",""title"":""mdc_photo_mdc_01d5bc_cdv_photo_001_1767724901263.jpg"",""ext"":""jpg"",""panorama"":false,""isDir"":false},{""pathname"":""/Collected Media/map_2934234/layer_7127604/mdc_photo_mdc_5b4a88_cdv_photo_002_1767724901263.jpg"",""rid"":41383566,""lid"":""7127604"",""fid"":""2816"",""field"":""site_photos"",""title"":""mdc_photo_mdc_5b4a88_cdv_photo_002_1767724901263.jpg"",""ext"":""jpg"",""panorama"":false,""isDir"":false},{""pathname"":""/Collected Media/map_2934234/layer_7127604/mdc_photo_mdc_acf64c_cdv_photo_003_1767724901263.jpg"",""rid"":41383567,""lid"":""7127604"",""fid"":""2816"",""field"":""site_photos"",""title"":""mdc_photo_mdc_acf64c_cdv_photo_003_1767724901263.jpg"",""ext"":""jpg"",""panorama"":false,""isDir"":false},{""pathname"":""/Collected Media/map_2934234/layer_7127604/mdc_photo_mdc_663f62_cdv_photo_004_1767724901263.jpg"",""rid"":41383568,""lid"":""7127604"",""fid"":""2816"",""field"":""site_photos"",""title"":""mdc_photo_mdc_663f62_cdv_photo_004_1767724901263.jpg"",""ext"":""jpg"",""panorama"":false,""isDir"":false},{""pathname"":""/Collected Media/map_2934234/layer_7127604/mdc_photo_mdc_c2dbad_cdv_photo_005_1767724901263.jpg"",""rid"":41383569,""lid"":""7127604"",""fid"":""2816"",""field"":""site_photos"",""title"":""mdc_photo_mdc_c2dbad_cdv_photo_005_1767724901263.jpg"",""ext"":""jpg"",""panorama"":false,""isDir"":false},{""pathname"":""/Collected Media/map_2934234/layer_7127604/mdc_photo_mdc_15352e_cdv_photo_006_1767724901263.jpg"",""rid"":41383570,""lid"":""7127604"",""fid"":""2816"",""field"":""site_photos"",""title"":""mdc_photo_mdc_15352e_cdv_photo_006_1767724901263.jpg"",""ext"":""jpg"",""panorama"":false,""isDir"":false},{""pathname"":""/Collected Media/map_2934234/layer_7127604/mdc_photo_mdc_c94011_cdv_photo_007_1767724901263.jpg"",""rid"":41383571,""lid"":""7127604"",""fid"":""2816"",""field"":""site_photos"",""title"":""mdc_photo_mdc_c94011_cdv_photo_007_1767724901263.jpg"",""ext"":""jpg"",""panorama"":false,""isDir"":false},{""pathname"":""/Collected Media/map_2934234/layer_7127604/mdc_photo_mdc_54fae3_cdv_photo_008_1767724901263.jpg"",""rid"":41383572,""lid"":""7127604"",""fid"":""2816"",""field"":""site_photos"",""title"":""mdc_photo_mdc_54fae3_cdv_photo_008_1767724901263.jpg"",""ext"":""jpg"",""panorama"":false,""isDir"":false},{""pathname"":""/Collected Media/map_2934234/layer_7127604/mdc_photo_mdc_5128eb_cdv_photo_009_1767724901263.jpg"",""rid"":41383573,""lid"":""7127604"",""fid"":""2816"",""field"":""site_photos"",""title"":""mdc_photo_mdc_5128eb_cdv_photo_009_1767724901263.jpg"",""ext"":""jpg"",""panorama"":false,""isDir"":false},{""pathname"":""/Collected Media/map_2934234/layer_7127604/mdc_photo_mdc_c4d6c3_cdv_photo_010_1767724901263.jpg"",""rid"":41383574,""lid"":""7127604"",""fid"":""2816"",""field"":""site_photos"",""title"":""mdc_photo_mdc_c4d6c3_cdv_photo_010_1767724901263.jpg"",""ext"":""jpg"",""panorama"":false,""isDir"":false},{""pathname"":""/Collected Media/map_2934234/layer_7127604/mdc_photo_mdc_e80cd1_cdv_photo_011_1767724901263.jpg"",""rid"":41383575,""lid"":""7127604"",""fid"":""2816"",""field"":""site_photos"",""title"":""mdc_photo_mdc_e80cd1_cdv_photo_011_1767724901263.jpg"",""ext"":""jpg"",""panorama"":false,""isDir"":false},{""pathname"":""/Collected Media/map_2934234/layer_7127604/mdc_photo_mdc_a311ed_cdv_photo_012_1767724901263.jpg"",""rid"":41383576,""lid"":""7127604"",""fid"":""2816"",""field"":""site_photos"",""title"":""mdc_photo_mdc_a311ed_cdv_photo_012_1767724901263.jpg"",""ext"":""jpg"",""panorama"":false,""isDir"":false}]",,,CO,2026/01/06,,11:29,,,Sanitary Sewer/Combo,Michael Thompson,N/A,,2026/01/06,,,N/A,,,,,
PRECON COMPLETE,2026-01-06,Atmos Colorado,Lot 2 ,,11th ST ,Holly ,,,,,2026/01/06,2600,,,3040 ,Dustin House,Michael Thompson,0.36,0.36,,,,,,,End ,CO,,,,,,,,,,,,19,0,,,,,,,,,,PO,,2026/01/06,PO,2026/01/06,PO,Pre,Jay.Paulson@atmosenergy.com ,,,,,,,,,,,Yes,1,1,,"01/06/25 2600 Truck ** Lead - Dustin H, Tech - Michael T ",,,,,,400,"___json[{""pathname"":""/Collected Media/map_2934234/layer_7127604/mdc_photo_mdc_28538c_cdv_photo_021_1767718904483.jpg"",""rid"":41382355,""lid"":""7127604"",""fid"":""2812"",""field"":""photo_map"",""title"":""mdc_photo_mdc_28538c_cdv_photo_021_1767718904483.jpg"",""ext"":""jpg"",""panorama"":false,""isDir"":false}]",N/A,1,,06059849 ,PRECON COMPLETE,,,,,,,,,,,,,,,,,,,,,,,,,,,,,,,Lateral Inspection,,"___json[{""pathname"":""/Collected Media/map_2934234/layer_7127604/mdc_photo_mdc_1faaa1_cdv_photo_022_1767718904483.jpg"",""rid"":41382356,""lid"":""7127604"",""fid"":""2812"",""field"":""site_photos"",""title"":""mdc_photo_mdc_1faaa1_cdv_photo_022_1767718904483.jpg"",""ext"":""jpg"",""panorama"":false,""isDir"":false},{""pathname"":""/Collected Media/map_2934234/layer_7127604/mdc_photo_mdc_195943_cdv_photo_023_1767718904483.jpg"",""rid"":41382357,""lid"":""7127604"",""fid"":""2812"",""field"":""site_photos"",""title"":""mdc_photo_mdc_195943_cdv_photo_023_1767718904483.jpg"",""ext"":""jpg"",""panorama"":false,""isDir"":false}]",,,CO,2026/01/06,,09:58,,,Sanitary Sewer/Combo,Michael Thompson,N/A,,2026/01/06,,,N/A,,,,,
PRECON COMPLETE,2026-01-06,Atmos Colorado,Lot 3,,11th ST ,Holly ,,,,,2026/01/06,2600,,,3040 ,Dustin House,Michael Thompson,0.41,0.36,,,,,,,End ,CO,,,,,,,,,,,,17,0,,,,,,,,,,PO,,2026/01/06,PO,2026/01/06,PO,Pre,BRADLEY.EDLIN@ATMOSENERGY.COM ,,0.25,,,,,Yes,,,,Yes,1,1,,"01/06/25 2600 Truck ** Lead - Dustin H, Tech - Michael T ",,,,,,400,"___json[{""pathname"":""/Collected Media/map_2934234/layer_7127604/mdc_photo_mdc_74bf27_cdv_photo_024_1767719093248.jpg"",""rid"":41382397,""lid"":""7127604"",""fid"":""2813"",""field"":""photo_map"",""title"":""mdc_photo_mdc_74bf27_cdv_photo_024_1767719093248.jpg"",""ext"":""jpg"",""panorama"":false,""isDir"":false}]",N/A,1,,06059849 ,PRECON COMPLETE,,,,,,,,,,,,,,,,,,,,,,,,,,,,,,,Lateral Inspection,,"___json[{""pathname"":""/Collected Media/map_2934234/layer_7127604/mdc_photo_mdc_ad1dd8_cdv_photo_025_1767719093249.jpg"",""rid"":41382398,""lid"":""7127604"",""fid"":""2813"",""field"":""site_photos"",""title"":""mdc_photo_mdc_ad1dd8_cdv_photo_025_1767719093249.jpg"",""ext"":""jpg"",""panorama"":false,""isDir"":false},{""pathname"":""/Collected Media/map_2934234/layer_7127604/mdc_photo_mdc_e39d41_cdv_photo_026_1767719093249.jpg"",""rid"":41382399,""lid"":""7127604"",""fid"":""2813"",""field"":""site_photos"",""title"":""mdc_photo_mdc_e39d41_cdv_photo_026_1767719093249.jpg"",""ext"":""jpg"",""panorama"":false,""isDir"":false}]",,,CO,2026/01/06,,10:02,,,Sanitary Sewer/Combo,Michael Thompson,N/A,,2026/01/06,,,N/A,,,,,
PRECON COMPLETE,2026-01-06,Atmos Colorado,1034 ,,Cheyenne ST,Holly ,,,,,2026/01/06,2600,,,3040 ,Dustin House,Michael Thompson,0.62,0.56,0.52,0.42,0.37,0.29,0.25,0.24,End ,GO,EOR,GO,GO,GO,GO,GO,,,,,,121,110,100,90,80,70,60,50,,,,PO,"R9 / GO @ 40 @ 0.24 
R10 / GO @ 30 @ 0.23
R11 / CO @ 20 @ 0.22
R12 / GO @ 10 @ 0.16",2026/01/06,PO,2026/01/06,PO,Pre,BRADLEY.EDLIN@ATMOSENERGY.COM ,,0.25,,,,,Yes,,,,Yes,1,1,,"01/06/25 2600 Truck ** Lead - Dustin H, Tech - Michael T ",,,,,,400,"___json[{""pathname"":""/Collected Media/map_2934234/layer_7127604/mdc_photo_mdc_67b8e0_cdv_photo_028_1767726400257.jpg"",""rid"":41383742,""lid"":""7127604"",""fid"":""2817"",""field"":""photo_map"",""title"":""mdc_photo_mdc_67b8e0_cdv_photo_028_1767726400257.jpg"",""ext"":""jpg"",""panorama"":false,""isDir"":false}]",N/A,1,,06059849 ,PRECON COMPLETE,,,,,,,,,,,,,,,,,,,,,,,,,,,,,,,Lateral Inspection,,"___json[{""pathname"":""/Collected Media/map_2934234/layer_7127604/mdc_photo_mdc_490b99_cdv_photo_014_1767726400257.jpg"",""rid"":41383743,""lid"":""7127604"",""fid"":""2817"",""field"":""site_photos"",""title"":""mdc_photo_mdc_490b99_cdv_photo_014_1767726400257.jpg"",""ext"":""jpg"",""panorama"":false,""isDir"":false},{""pathname"":""/Collected Media/map_2934234/layer_7127604/mdc_photo_mdc_536585_cdv_photo_015_1767726400257.jpg"",""rid"":41383744,""lid"":""7127604"",""fid"":""2817"",""field"":""site_photos"",""title"":""mdc_photo_mdc_536585_cdv_photo_015_1767726400257.jpg"",""ext"":""jpg"",""panorama"":false,""isDir"":false},{""pathname"":""/Collected Media/map_2934234/layer_7127604/mdc_photo_mdc_b3bd22_cdv_photo_016_1767726400257.jpg"",""rid"":41383745,""lid"":""7127604"",""fid"":""2817"",""field"":""site_photos"",""title"":""mdc_photo_mdc_b3bd22_cdv_photo_016_1767726400257.jpg"",""ext"":""jpg"",""panorama"":false,""isDir"":false},{""pathname"":""/Collected Media/map_2934234/layer_7127604/mdc_photo_mdc_ad2a40_cdv_photo_017_1767726400257.jpg"",""rid"":41383746,""lid"":""7127604"",""fid"":""2817"",""field"":""site_photos"",""title"":""mdc_photo_mdc_ad2a40_cdv_photo_017_1767726400257.jpg"",""ext"":""jpg"",""panorama"":false,""isDir"":false},{""pathname"":""/Collected Media/map_2934234/layer_7127604/mdc_photo_mdc_97fa6b_cdv_photo_018_1767726400257.jpg"",""rid"":41383747,""lid"":""7127604"",""fid"":""2817"",""field"":""site_photos"",""title"":""mdc_photo_mdc_97fa6b_cdv_photo_018_1767726400257.jpg"",""ext"":""jpg"",""panorama"":false,""isDir"":false},{""pathname"":""/Collected Media/map_2934234/layer_7127604/mdc_photo_mdc_a39c99_cdv_photo_019_1767726400257.jpg"",""rid"":41383748,""lid"":""7127604"",""fid"":""2817"",""field"":""site_photos"",""title"":""mdc_photo_mdc_a39c99_cdv_photo_019_1767726400257.jpg"",""ext"":""jpg"",""panorama"":false,""isDir"":false},{""pathname"":""/Collected Media/map_2934234/layer_7127604/mdc_photo_mdc_8406fc_cdv_photo_020_1767726400257.jpg"",""rid"":41383749,""lid"":""7127604"",""fid"":""2817"",""field"":""site_photos"",""title"":""mdc_photo_mdc_8406fc_cdv_photo_020_1767726400257.jpg"",""ext"":""jpg"",""panorama"":false,""isDir"":false},{""pathname"":""/Collected Media/map_2934234/layer_7127604/mdc_photo_mdc_f9214d_cdv_photo_021_1767726400257.jpg"",""rid"":41383750,""lid"":""7127604"",""fid"":""2817"",""field"":""site_photos"",""title"":""mdc_photo_mdc_f9214d_cdv_photo_021_1767726400257.jpg"",""ext"":""jpg"",""panorama"":false,""isDir"":false},{""pathname"":""/Collected Media/map_2934234/layer_7127604/mdc_photo_mdc_c3072f_cdv_photo_022_1767726400257.jpg"",""rid"":41383751,""lid"":""7127604"",""fid"":""2817"",""field"":""site_photos"",""title"":""mdc_photo_mdc_c3072f_cdv_photo_022_1767726400257.jpg"",""ext"":""jpg"",""panorama"":false,""isDir"":false},{""pathname"":""/Collected Media/map_2934234/layer_7127604/mdc_photo_mdc_c4a880_cdv_photo_023_1767726400257.jpg"",""rid"":41383752,""lid"":""7127604"",""fid"":""2817"",""field"":""site_photos"",""title"":""mdc_photo_mdc_c4a880_cdv_photo_023_1767726400257.jpg"",""ext"":""jpg"",""panorama"":false,""isDir"":false},{""pathname"":""/Collected Media/map_2934234/layer_7127604/mdc_photo_mdc_61ccbd_cdv_photo_024_1767726400257.jpg"",""rid"":41383753,""lid"":""7127604"",""fid"":""2817"",""field"":""site_photos"",""title"":""mdc_photo_mdc_61ccbd_cdv_photo_024_1767726400257.jpg"",""ext"":""jpg"",""panorama"":false,""isDir"":false},{""pathname"":""/Collected Media/map_2934234/layer_7127604/mdc_photo_mdc_e923ce_cdv_photo_025_1767726400257.jpg"",""rid"":41383754,""lid"":""7127604"",""fid"":""2817"",""field"":""site_photos"",""title"":""mdc_photo_mdc_e923ce_cdv_photo_025_1767726400257.jpg"",""ext"":""jpg"",""panorama"":false,""isDir"":false},{""pathname"":""/Collected Media/map_2934234/layer_7127604/mdc_photo_mdc_1fe8dd_cdv_photo_026_1767726400257.jpg"",""rid"":41383755,""lid"":""7127604"",""fid"":""2817"",""field"":""site_photos"",""title"":""mdc_photo_mdc_1fe8dd_cdv_photo_026_1767726400257.jpg"",""ext"":""jpg"",""panorama"":false,""isDir"":false},{""pathname"":""/Collected Media/map_2934234/layer_7127604/mdc_photo_mdc_7b9d07_cdv_photo_027_1767726400257.jpg"",""rid"":41383756,""lid"":""7127604"",""fid"":""2817"",""field"":""site_photos"",""title"":""mdc_photo_mdc_7b9d07_cdv_photo_027_1767726400257.jpg"",""ext"":""jpg"",""panorama"":false,""isDir"":false}]",,,CO,2026/01/06,,11:52,,,Sanitary Sewer/Combo,Michael Thompson,N/A,,2026/01/06,,,N/A,,,,,
PRECON COMPLETE,2026-01-06,Atmos Colorado,Lot 1 ,,11th ST ,Holly ,,,,,2026/01/06,2600,,,3040 ,Dustin House,Michael Thompson,0.36,0.29,,,,,,,End ,CO,,,,,,,,,,,,15,0,,,,,,,,,,PO,,2026/01/06,PO,2026/01/06,PO,Pre,BRADLEY.EDLIN@ATMOSENERGY.COM ,,0.25,,,,,Yes,,,,Yes,1,1,,"01/06/25 2600 Truck ** Lead - Dustin H, Tech - Michael T ",,,,,,400,"___json[{""pathname"":""/Collected Media/map_2934234/layer_7127604/mdc_photo_mdc_cc398c_cdv_photo_018_1767718579933.jpg"",""rid"":41382299,""lid"":""7127604"",""fid"":""2811"",""field"":""photo_map"",""title"":""mdc_photo_mdc_cc398c_cdv_photo_018_1767718579933.jpg"",""ext"":""jpg"",""panorama"":false,""isDir"":false}]",N/A,1,,06059849 ,PRECON COMPLETE,,,,,,,,,,,,,,,,,,,,,,,,,,,,,,,Lateral Inspection,,"___json[{""pathname"":""/Collected Media/map_2934234/layer_7127604/mdc_photo_mdc_d49a43_cdv_photo_019_1767718579933.jpg"",""rid"":41382300,""lid"":""7127604"",""fid"":""2811"",""field"":""site_photos"",""title"":""mdc_photo_mdc_d49a43_cdv_photo_019_1767718579933.jpg"",""ext"":""jpg"",""panorama"":false,""isDir"":false},{""pathname"":""/Collected Media/map_2934234/layer_7127604/mdc_photo_mdc_0fbba7_cdv_photo_020_1767718579933.jpg"",""rid"":41382301,""lid"":""7127604"",""fid"":""2811"",""field"":""site_photos"",""title"":""mdc_photo_mdc_0fbba7_cdv_photo_020_1767718579933.jpg"",""ext"":""jpg"",""panorama"":false,""isDir"":false}]",,,CO,2026/01/06,,09:54,,,Sanitary Sewer/Combo,Michael Thompson,N/A,,2026/01/06,,,N/A,,,,,
PRECON COMPLETE,2026-01-06,Atmos Colorado,Lot 4 ,,11th ST ,Holly ,,,,,2026/01/06,2600,,,3040 ,Dustin House,Michael Thompson,0.46,0.41,,,,,,,End ,CO,,,,,,,,,,,,24,0,,,,,,,,,,PO,,2026/01/06,PO,2026/01/06,PO,Pre,BRADLEY.EDLIN@ATMOSENERGY.COM ,,,,,,,,,,,Yes,1,1,,"01/06/25 2600 Truck ** Lead - Dustin H, Tech - Michael T ",,,,,,400,"___json[{""pathname"":""/Collected Media/map_2934234/layer_7127604/mdc_photo_mdc_ec4855_cdv_photo_029_1767719326173.jpg"",""rid"":41382448,""lid"":""7127604"",""fid"":""2814"",""field"":""photo_map"",""title"":""mdc_photo_mdc_ec4855_cdv_photo_029_1767719326173.jpg"",""ext"":""jpg"",""panorama"":false,""isDir"":false}]",N/A,1,,06059849 ,PRECON COMPLETE,,,,,,,,,,,,,,,,,,,,,,,,,,,,,,,Lateral Inspection,,"___json[{""pathname"":""/Collected Media/map_2934234/layer_7127604/mdc_photo_mdc_613e9d_cdv_photo_027_1767719326173.jpg"",""rid"":41382449,""lid"":""7127604"",""fid"":""2814"",""field"":""site_photos"",""title"":""mdc_photo_mdc_613e9d_cdv_photo_027_1767719326173.jpg"",""ext"":""jpg"",""panorama"":false,""isDir"":false},{""pathname"":""/Collected Media/map_2934234/layer_7127604/mdc_photo_mdc_581139_cdv_photo_028_1767719326173.jpg"",""rid"":41382450,""lid"":""7127604"",""fid"":""2814"",""field"":""site_photos"",""title"":""mdc_photo_mdc_581139_cdv_photo_028_1767719326173.jpg"",""ext"":""jpg"",""panorama"":false,""isDir"":false}]",,,CO,2026/01/06,,10:06,,,Sanitary Sewer/Combo,Michael Thompson,N/A,,2026/01/06,,,N/A,,,,,
PRECON COMPLETE,2026-01-06,Atmos Colorado,1022,,Cheyenne ST,Holly ,,,,,2026/01/06,2600,,,3040 ,Dustin House,Michael Thompson,0.26,0.2,,,,,,,End ,9T/abandoned ,,,,,,,,,,,,8,5,,,,,,,,,,PO,,2026/01/06,PO,2026/01/06,PO,Pre,BRADLEY.EDLIN@ATMOSENERGY.COM ,,,,,,,,,,,Yes,1,1,,"01/06/25 2600 Truck ** Lead - Dustin H, Tech - Michael T 
Abandoned lot / ended @ dirt blockage ",,,,,,400,"___json[{""pathname"":""/Collected Media/map_2934234/layer_7127604/mdc_photo_mdc_13294f_cdv_photo_029_1767731861147.jpg"",""rid"":41384548,""lid"":""7127604"",""fid"":""2818"",""field"":""photo_map"",""title"":""mdc_photo_mdc_13294f_cdv_photo_029_1767731861147.jpg"",""ext"":""jpg"",""panorama"":false,""isDir"":false}]",N/A,1,,06059849 ,PRECON COMPLETE,,,,,,,,,,,,,,,,,,,,,,,,,,,,,,,Lateral Inspection,,"___json[{""pathname"":""/Collected Media/map_2934234/layer_7127604/mdc_photo_mdc_064e91_cdv_photo_030_1767731861147.jpg"",""rid"":41384549,""lid"":""7127604"",""fid"":""2818"",""field"":""site_photos"",""title"":""mdc_photo_mdc_064e91_cdv_photo_030_1767731861147.jpg"",""ext"":""jpg"",""panorama"":false,""isDir"":false},{""pathname"":""/Collected Media/map_2934234/layer_7127604/mdc_photo_mdc_0a343a_cdv_photo_031_1767731861147.jpg"",""rid"":41384550,""lid"":""7127604"",""fid"":""2818"",""field"":""site_photos"",""title"":""mdc_photo_mdc_0a343a_cdv_photo_031_1767731861147.jpg"",""ext"":""jpg"",""panorama"":false,""isDir"":false}]",,,CO,2026/01/06,,13:34,,,Sanitary Sewer/Combo,Michael Thompson,N/A,,2026/01/06,,,N/A,,,,,
PRECON COMPLETE,2026-01-06,Atmos Colorado,1022,,Cheyenne ST,Holly ,,,,,2026/01/06,2600,,,3040 ,Dustin House,Michael Thompson,0.72,0.62,0.55,0.44,0.4,0.4,0.42,0.37,End ,GO,EOR,GO,GO,GO,GO,GO,,,,,,100,90,80,70,60,50,40,30,,,,PO,"R9 / GO @ 20 @ 0.35
R10 / GO @ 10 @ 0.32",2026/01/06,PO,2026/01/06,PO,Pre,BRADLEY.EDLIN@ATMOSENERGY.COM ,,0.25,,,,,Yes,,,,Yes,1,1,,"01/06/25 2600 Truck ** Lead - Dustin H, Tech - Michael T ",,,,,,400,"___json[{""pathname"":""/Collected Media/map_2934234/layer_7127604/mdc_photo_mdc_7b107a_cdv_photo_032_1767732231335.jpg"",""rid"":41384601,""lid"":""7127604"",""fid"":""2819"",""field"":""photo_map"",""title"":""mdc_photo_mdc_7b107a_cdv_photo_032_1767732231335.jpg"",""ext"":""jpg"",""panorama"":false,""isDir"":false}]",N/A,1,,3040 ,PRECON COMPLETE,,,,,,,,,,,,,,,,,,,,,,,,,,,,,,,Lateral Inspection,,"___json[{""pathname"":""/Collected Media/map_2934234/layer_7127604/mdc_photo_mdc_092325_cdv_photo_033_1767732231335.jpg"",""rid"":41384602,""lid"":""7127604"",""fid"":""2819"",""field"":""site_photos"",""title"":""mdc_photo_mdc_092325_cdv_photo_033_1767732231335.jpg"",""ext"":""jpg"",""panorama"":false,""isDir"":false},{""pathname"":""/Collected Media/map_2934234/layer_7127604/mdc_photo_mdc_60c307_cdv_photo_034_1767732231335.jpg"",""rid"":41384603,""lid"":""7127604"",""fid"":""2819"",""field"":""site_photos"",""title"":""mdc_photo_mdc_60c307_cdv_photo_034_1767732231335.jpg"",""ext"":""jpg"",""panorama"":false,""isDir"":false},{""pathname"":""/Collected Media/map_2934234/layer_7127604/mdc_photo_mdc_6f9d41_cdv_photo_035_1767732231335.jpg"",""rid"":41384604,""lid"":""7127604"",""fid"":""2819"",""field"":""site_photos"",""title"":""mdc_photo_mdc_6f9d41_cdv_photo_035_1767732231335.jpg"",""ext"":""jpg"",""panorama"":false,""isDir"":false},{""pathname"":""/Collected Media/map_2934234/layer_7127604/mdc_photo_mdc_09d907_cdv_photo_036_1767732231335.jpg"",""rid"":41384605,""lid"":""7127604"",""fid"":""2819"",""field"":""site_photos"",""title"":""mdc_photo_mdc_09d907_cdv_photo_036_1767732231335.jpg"",""ext"":""jpg"",""panorama"":false,""isDir"":false},{""pathname"":""/Collected Media/map_2934234/layer_7127604/mdc_photo_mdc_26598c_cdv_photo_037_1767732231335.jpg"",""rid"":41384606,""lid"":""7127604"",""fid"":""2819"",""field"":""site_photos"",""title"":""mdc_photo_mdc_26598c_cdv_photo_037_1767732231335.jpg"",""ext"":""jpg"",""panorama"":false,""isDir"":false},{""pathname"":""/Collected Media/map_2934234/layer_7127604/mdc_photo_mdc_cddeaa_cdv_photo_038_1767732231335.jpg"",""rid"":41384607,""lid"":""7127604"",""fid"":""2819"",""field"":""site_photos"",""title"":""mdc_photo_mdc_cddeaa_cdv_photo_038_1767732231335.jpg"",""ext"":""jpg"",""panorama"":false,""isDir"":false},{""pathname"":""/Collected Media/map_2934234/layer_7127604/mdc_photo_mdc_1bb806_cdv_photo_039_1767732231335.jpg"",""rid"":41384608,""lid"":""7127604"",""fid"":""2819"",""field"":""site_photos"",""title"":""mdc_photo_mdc_1bb806_cdv_photo_039_1767732231335.jpg"",""ext"":""jpg"",""panorama"":false,""isDir"":false},{""pathname"":""/Collected Media/map_2934234/layer_7127604/mdc_photo_mdc_eef325_cdv_photo_040_1767732231335.jpg"",""rid"":41384609,""lid"":""7127604"",""fid"":""2819"",""field"":""site_photos"",""title"":""mdc_photo_mdc_eef325_cdv_photo_040_1767732231335.jpg"",""ext"":""jpg"",""panorama"":false,""isDir"":false},{""pathname"":""/Collected Media/map_2934234/layer_7127604/mdc_photo_mdc_91b1f3_cdv_photo_041_1767732231335.jpg"",""rid"":41384610,""lid"":""7127604"",""fid"":""2819"",""field"":""site_photos"",""title"":""mdc_photo_mdc_91b1f3_cdv_photo_041_1767732231335.jpg"",""ext"":""jpg"",""panorama"":false,""isDir"":false},{""pathname"":""/Collected Media/map_2934234/layer_7127604/mdc_photo_mdc_ade07e_cdv_photo_042_1767732231335.jpg"",""rid"":41384611,""lid"":""7127604"",""fid"":""2819"",""field"":""site_photos"",""title"":""mdc_photo_mdc_ade07e_cdv_photo_042_1767732231335.jpg"",""ext"":""jpg"",""panorama"":false,""isDir"":false}]",,,CO,2026/01/06,,13:40,A,,Sanitary Sewer/Combo,Michael Thompson,N/A,,2026/01/06,,,N/A,,,,,
PRECON COMPLETE,2026-01-07,Atmos Colorado,124,,10th ST,Holly ,,,,,2026/01/07,2600,,,3040 ,Dustin House,Michael Thompson,0.7,0.1,0.19,,,,,,End / abandoned lateral,GO,3T/9T,,,,,,,,,,,38,30,11,,,,,,,,,PO,,2026/01/07,PO,2026/01/07,PO,Pre,BRADLEY.EDLIN@ATMOSENERGY.COM ,,,,,,,,,,,Yes,1,1,,"01/07/25 2600 Truck ** Lead - Dustin H, Tech - Michael T ",,,,,,400,"___json[{""pathname"":""/Collected Media/map_2934234/layer_7127604/mdc_photo_mdc_f536c6_cdv_photo_000_1767814136792.jpg"",""rid"":41392043,""lid"":""7127604"",""fid"":""2821"",""field"":""photo_map"",""title"":""mdc_photo_mdc_f536c6_cdv_photo_000_1767814136792.jpg"",""ext"":""jpg"",""panorama"":false,""isDir"":false}]",N/A,1,,06059849 ,PRECON COMPLETE,,,,,,,,,,,,,,,,,,,,,,,,,,,,,,,Lateral Inspection,,"___json[{""pathname"":""/Collected Media/map_2934234/layer_7127604/mdc_photo_mdc_917c0c_cdv_photo_001_1767814136792.jpg"",""rid"":41392044,""lid"":""7127604"",""fid"":""2821"",""field"":""site_photos"",""title"":""mdc_photo_mdc_917c0c_cdv_photo_001_1767814136792.jpg"",""ext"":""jpg"",""panorama"":false,""isDir"":false},{""pathname"":""/Collected Media/map_2934234/layer_7127604/mdc_photo_mdc_11ca99_cdv_photo_002_1767814136792.jpg"",""rid"":41392045,""lid"":""7127604"",""fid"":""2821"",""field"":""site_photos"",""title"":""mdc_photo_mdc_11ca99_cdv_photo_002_1767814136792.jpg"",""ext"":""jpg"",""panorama"":false,""isDir"":false},{""pathname"":""/Collected Media/map_2934234/layer_7127604/mdc_photo_mdc_4e21bc_cdv_photo_003_1767814136792.jpg"",""rid"":41392046,""lid"":""7127604"",""fid"":""2821"",""field"":""site_photos"",""title"":""mdc_photo_mdc_4e21bc_cdv_photo_003_1767814136792.jpg"",""ext"":""jpg"",""panorama"":false,""isDir"":false},{""pathname"":""/Collected Media/map_2934234/layer_7127604/mdc_photo_mdc_077e79_cdv_photo_004_1767814136792.jpg"",""rid"":41392047,""lid"":""7127604"",""fid"":""2821"",""field"":""site_photos"",""title"":""mdc_photo_mdc_077e79_cdv_photo_004_1767814136792.jpg"",""ext"":""jpg"",""panorama"":false,""isDir"":false}]",,,CO,2026/01/07,,12:19,,,Sanitary Sewer/Combo,Michael Thompson,N/A,,2026/01/07,,,N/A,,,,,
PRECON COMPLETE,2026-01-06,Atmos Colorado,1022 ,,Cheyenne ST,Holly ,,,,,2026/01/06,2600,,,3040 ,Dustin House,Michael Thompson,0.32,,,,,,,,End ,,,,,,,,,,,,,6,,,,,,,,,,,PO,,2026/01/06,PO,2026/01/06,PO,Pre,BRADLEY.EDLIN@ATMOSENERGY.COM ,,,,,,,,,,,Yes,1,1,,"01/06/25 2600 Truck ** Lead - Dustin H, Tech - Michael T ",,,,,,400,"___json[{""pathname"":""/Collected Media/map_2934234/layer_7127604/mdc_photo_mdc_b0061b_cdv_photo_043_1767732394078.jpg"",""rid"":41384628,""lid"":""7127604"",""fid"":""2820"",""field"":""photo_map"",""title"":""mdc_photo_mdc_b0061b_cdv_photo_043_1767732394078.jpg"",""ext"":""jpg"",""panorama"":false,""isDir"":false}]",N/A,1,,06059849 ,PRECON COMPLETE,,,,,,,,,,,,,,,,,,,,,,,,,,,,,,,Lateral Inspection,,"___json[{""pathname"":""/Collected Media/map_2934234/layer_7127604/mdc_photo_mdc_49880f_cdv_photo_044_1767732394079.jpg"",""rid"":41384629,""lid"":""7127604"",""fid"":""2820"",""field"":""site_photos"",""title"":""mdc_photo_mdc_49880f_cdv_photo_044_1767732394079.jpg"",""ext"":""jpg"",""panorama"":false,""isDir"":false}]",,,CO,2026/01/06,,13:45,C,,Sanitary Sewer/Combo,Michael Thompson,N/A,,2026/01/06,,,N/A,,,,,
PRECON COMPLETE,2026-01-07,Atmos Colorado,124,,10th ST ,Holly ,,,,,2026/01/07,2600,,,3040 ,Dustin House,Michael Thompson,0.72,0.55,0.31,0.35,0.33,0.33,,,End ,GO,EOR,GO,GO,CO,,,,,,,,54,50,40,30,15,0,,,,,,PO,,2026/01/07,PO,2026/01/07,PO,Pre,BRADLEY.EDLIN@ATMOSENERGY.COM ,,0.5,,,,,Yes,,,,Yes,1,1,,"01/07/25 2600 Truck ** Lead - Dustin H, Tech - Michael T ",,,,,,400,"___json[{""pathname"":""/Collected Media/map_2934234/layer_7127604/mdc_photo_mdc_46ea43_cdv_photo_005_1767814545111.jpg"",""rid"":41392098,""lid"":""7127604"",""fid"":""2822"",""field"":""photo_map"",""title"":""mdc_photo_mdc_46ea43_cdv_photo_005_1767814545111.jpg"",""ext"":""jpg"",""panorama"":false,""isDir"":false}]",N/A,1,,06059849 ,PRECON COMPLETE,,,,,,,,,,,,,,,,,,,,,,,,,,,,,,,Lateral Inspection,,"___json[{""pathname"":""/Collected Media/map_2934234/layer_7127604/mdc_photo_mdc_650b63_cdv_photo_006_1767814545111.jpg"",""rid"":41392099,""lid"":""7127604"",""fid"":""2822"",""field"":""site_photos"",""title"":""mdc_photo_mdc_650b63_cdv_photo_006_1767814545111.jpg"",""ext"":""jpg"",""panorama"":false,""isDir"":false},{""pathname"":""/Collected Media/map_2934234/layer_7127604/mdc_photo_mdc_7e447b_cdv_photo_007_1767814545111.jpg"",""rid"":41392100,""lid"":""7127604"",""fid"":""2822"",""field"":""site_photos"",""title"":""mdc_photo_mdc_7e447b_cdv_photo_007_1767814545111.jpg"",""ext"":""jpg"",""panorama"":false,""isDir"":false},{""pathname"":""/Collected Media/map_2934234/layer_7127604/mdc_photo_mdc_af9a6c_cdv_photo_008_1767814545111.jpg"",""rid"":41392101,""lid"":""7127604"",""fid"":""2822"",""field"":""site_photos"",""title"":""mdc_photo_mdc_af9a6c_cdv_photo_008_1767814545111.jpg"",""ext"":""jpg"",""panorama"":false,""isDir"":false},{""pathname"":""/Collected Media/map_2934234/layer_7127604/mdc_photo_mdc_4ecea8_cdv_photo_009_1767814545111.jpg"",""rid"":41392102,""lid"":""7127604"",""fid"":""2822"",""field"":""site_photos"",""title"":""mdc_photo_mdc_4ecea8_cdv_photo_009_1767814545111.jpg"",""ext"":""jpg"",""panorama"":false,""isDir"":false},{""pathname"":""/Collected Media/map_2934234/layer_7127604/mdc_photo_mdc_0fbf96_cdv_photo_010_1767814545111.jpg"",""rid"":41392103,""lid"":""7127604"",""fid"":""2822"",""field"":""site_photos"",""title"":""mdc_photo_mdc_0fbf96_cdv_photo_010_1767814545111.jpg"",""ext"":""jpg"",""panorama"":false,""isDir"":false},{""pathname"":""/Collected Media/map_2934234/layer_7127604/mdc_photo_mdc_e92f3f_cdv_photo_011_1767814545111.jpg"",""rid"":41392104,""lid"":""7127604"",""fid"":""2822"",""field"":""site_photos"",""title"":""mdc_photo_mdc_e92f3f_cdv_photo_011_1767814545111.jpg"",""ext"":""jpg"",""panorama"":false,""isDir"":false}]",,,CO,2026/01/07,,12:32,A,,Sanitary Sewer/Combo,Michael Thompson,N/A,,2026/01/07,,,N/A,,,,,
PRECON COMPLETE,2026-01-07,Atmos Colorado,124 ,,10th ST ,Holly ,,,,,2026/01/07,2600,,,3040 ,Dustin House,Michael Thompson,0.27,0.23,0.21,0.19,,,,,End ,GO,GO,3T,,,,,,,,,,48,40,20,0,,,,,,,,PO,,2026/01/07,PO,2026/01/07,PO,Pre,BRADLEY.EDLIN@ATMOSENERGY.COM ,,,,,,,,,,,Yes,1,1,,"01/07/25 2600 Truck ** Lead - Dustin H, Tech - Michael T ",,,,,,400,"___json[{""pathname"":""/Collected Media/map_2934234/layer_7127604/mdc_photo_mdc_873527_cdv_photo_013_1767815054440.jpg"",""rid"":41392122,""lid"":""7127604"",""fid"":""2823"",""field"":""photo_map"",""title"":""mdc_photo_mdc_873527_cdv_photo_013_1767815054440.jpg"",""ext"":""jpg"",""panorama"":false,""isDir"":false}]",N/A,1,,06059849 ,PRECON COMPLETE,,,,,,,,,,,,,,,,,,,,,,,,,,,,,,,Lateral Inspection,,"___json[{""pathname"":""/Collected Media/map_2934234/layer_7127604/mdc_photo_mdc_ca0c8e_cdv_photo_020_1767815054440.jpg"",""rid"":41392123,""lid"":""7127604"",""fid"":""2823"",""field"":""site_photos"",""title"":""mdc_photo_mdc_ca0c8e_cdv_photo_020_1767815054440.jpg"",""ext"":""jpg"",""panorama"":false,""isDir"":false},{""pathname"":""/Collected Media/map_2934234/layer_7127604/mdc_photo_mdc_eeb6b2_cdv_photo_021_1767815054440.jpg"",""rid"":41392124,""lid"":""7127604"",""fid"":""2823"",""field"":""site_photos"",""title"":""mdc_photo_mdc_eeb6b2_cdv_photo_021_1767815054440.jpg"",""ext"":""jpg"",""panorama"":false,""isDir"":false},{""pathname"":""/Collected Media/map_2934234/layer_7127604/mdc_photo_mdc_394f1d_cdv_photo_022_1767815054440.jpg"",""rid"":41392125,""lid"":""7127604"",""fid"":""2823"",""field"":""site_photos"",""title"":""mdc_photo_mdc_394f1d_cdv_photo_022_1767815054440.jpg"",""ext"":""jpg"",""panorama"":false,""isDir"":false},{""pathname"":""/Collected Media/map_2934234/layer_7127604/mdc_photo_mdc_603a4c_cdv_photo_023_1767815054440.jpg"",""rid"":41392126,""lid"":""7127604"",""fid"":""2823"",""field"":""site_photos"",""title"":""mdc_photo_mdc_603a4c_cdv_photo_023_1767815054440.jpg"",""ext"":""jpg"",""panorama"":false,""isDir"":false},{""pathname"":""/Collected Media/map_2934234/layer_7127604/mdc_photo_mdc_4846e1_cdv_photo_024_1767815054440.jpg"",""rid"":41392127,""lid"":""7127604"",""fid"":""2823"",""field"":""site_photos"",""title"":""mdc_photo_mdc_4846e1_cdv_photo_024_1767815054440.jpg"",""ext"":""jpg"",""panorama"":false,""isDir"":false},{""pathname"":""/Collected Media/map_2934234/layer_7127604/mdc_photo_mdc_28ce21_cdv_photo_025_1767815054440.jpg"",""rid"":41392128,""lid"":""7127604"",""fid"":""2823"",""field"":""site_photos"",""title"":""mdc_photo_mdc_28ce21_cdv_photo_025_1767815054440.jpg"",""ext"":""jpg"",""panorama"":false,""isDir"":false}]",,,CO,2026/01/07,,12:37,B,,Sanitary Sewer/Combo,Michael Thompson,N/A,,2026/01/07,,,N/A,,,,,
PRECON COMPLETE,2026-01-07,Atmos Colorado,1001,,10th ST ,Holly ,,,,,2026/01/07,2600,,,3040 ,Dustin House,Michael Thompson,0.76,0.51,0.31,0,0,,,,End ,EOR,GO,12T,3T,,,,,,,,,40,36,30,14,13,,,,,,,PO,,2026/01/07,PO,2026/01/07,PO,Pre,BRADLEY.EDLIN@ATMOSENERGY.COM ,,0.5,,,,,Yes,,,,Yes,1,1,,"01/07/25 2600 Truck ** Lead - Dustin H, Tech - Michael T ",,,,,,400,"___json[{""pathname"":""/Collected Media/map_2934234/layer_7127604/mdc_photo_mdc_0bf048_cdv_photo_026_1767815635862.jpg"",""rid"":41392208,""lid"":""7127604"",""fid"":""2824"",""field"":""photo_map"",""title"":""mdc_photo_mdc_0bf048_cdv_photo_026_1767815635862.jpg"",""ext"":""jpg"",""panorama"":false,""isDir"":false}]",N/A,1,,06059849 ,PRECON COMPLETE,,,,,,,,,,,,,,,,,,,,,,,,,,,,,,,Lateral Inspection,,"___json[{""pathname"":""/Collected Media/map_2934234/layer_7127604/mdc_photo_mdc_c2be7a_cdv_photo_027_1767815635862.jpg"",""rid"":41392209,""lid"":""7127604"",""fid"":""2824"",""field"":""site_photos"",""title"":""mdc_photo_mdc_c2be7a_cdv_photo_027_1767815635862.jpg"",""ext"":""jpg"",""panorama"":false,""isDir"":false},{""pathname"":""/Collected Media/map_2934234/layer_7127604/mdc_photo_mdc_eeaa3d_cdv_photo_028_1767815635862.jpg"",""rid"":41392210,""lid"":""7127604"",""fid"":""2824"",""field"":""site_photos"",""title"":""mdc_photo_mdc_eeaa3d_cdv_photo_028_1767815635862.jpg"",""ext"":""jpg"",""panorama"":false,""isDir"":false},{""pathname"":""/Collected Media/map_2934234/layer_7127604/mdc_photo_mdc_0e9b1b_cdv_photo_029_1767815635862.jpg"",""rid"":41392211,""lid"":""7127604"",""fid"":""2824"",""field"":""site_photos"",""title"":""mdc_photo_mdc_0e9b1b_cdv_photo_029_1767815635862.jpg"",""ext"":""jpg"",""panorama"":false,""isDir"":false},{""pathname"":""/Collected Media/map_2934234/layer_7127604/mdc_photo_mdc_4f14f3_cdv_photo_030_1767815635862.jpg"",""rid"":41392212,""lid"":""7127604"",""fid"":""2824"",""field"":""site_photos"",""title"":""mdc_photo_mdc_4f14f3_cdv_photo_030_1767815635862.jpg"",""ext"":""jpg"",""panorama"":false,""isDir"":false},{""pathname"":""/Collected Media/map_2934234/layer_7127604/mdc_photo_mdc_fa585f_cdv_photo_031_1767815635862.jpg"",""rid"":41392213,""lid"":""7127604"",""fid"":""2824"",""field"":""site_photos"",""title"":""mdc_photo_mdc_fa585f_cdv_photo_031_1767815635862.jpg"",""ext"":""jpg"",""panorama"":false,""isDir"":false}]",,,CO,2026/01/07,,12:50,,,Sanitary Sewer/Combo,Michael Thompson,N/A,,2026/01/07,,,N/A,,,,,
PRECON COMPLETE,2026-01-07,Atmos Colorado,131,,10th ST ,Holly ,,,,,2026/01/07,2600,,,3040 ,Dustin House,Michael Thompson,0.52,0.47,0.56,0.45,0.39,0.39,0.38,0.34,End ,GO,GO,GO,GO,GO,GO,GO,,,,,,140,120,105,90,75,60,45,30,,,,PO,"R9 / GO @ 15 @ 0.32
R10 / 3T/9T @ 3 @ 0.27",2026/01/07,PO,2026/01/07,PO,Pre,BRADLEY.EDLIN@ATMOSENERGY.COM ,,,,,,,,,,,Yes,1,1,,"01/07/25 2600 Truck ** Lead - Dustin H, Tech - Michael T ",,,,,,400,"___json[{""pathname"":""/Collected Media/map_2934234/layer_7127604/mdc_photo_mdc_a35f87_cdv_photo_032_1767816705419.jpg"",""rid"":41392327,""lid"":""7127604"",""fid"":""2825"",""field"":""photo_map"",""title"":""mdc_photo_mdc_a35f87_cdv_photo_032_1767816705419.jpg"",""ext"":""jpg"",""panorama"":false,""isDir"":false}]",N/A,1,,06059849 ,PRECON COMPLETE,,,,,,,,,,,,,,,,,,,,,,,,,,,,,,,Lateral Inspection,,"___json[{""pathname"":""/Collected Media/map_2934234/layer_7127604/mdc_photo_mdc_5d17ca_cdv_photo_040_1767816705419.jpg"",""rid"":41392328,""lid"":""7127604"",""fid"":""2825"",""field"":""site_photos"",""title"":""mdc_photo_mdc_5d17ca_cdv_photo_040_1767816705419.jpg"",""ext"":""jpg"",""panorama"":false,""isDir"":false},{""pathname"":""/Collected Media/map_2934234/layer_7127604/mdc_photo_mdc_427c4a_cdv_photo_041_1767816705419.jpg"",""rid"":41392329,""lid"":""7127604"",""fid"":""2825"",""field"":""site_photos"",""title"":""mdc_photo_mdc_427c4a_cdv_photo_041_1767816705419.jpg"",""ext"":""jpg"",""panorama"":false,""isDir"":false},{""pathname"":""/Collected Media/map_2934234/layer_7127604/mdc_photo_mdc_438241_cdv_photo_042_1767816705419.jpg"",""rid"":41392330,""lid"":""7127604"",""fid"":""2825"",""field"":""site_photos"",""title"":""mdc_photo_mdc_438241_cdv_photo_042_1767816705419.jpg"",""ext"":""jpg"",""panorama"":false,""isDir"":false},{""pathname"":""/Collected Media/map_2934234/layer_7127604/mdc_photo_mdc_b5f0a4_cdv_photo_043_1767816705419.jpg"",""rid"":41392331,""lid"":""7127604"",""fid"":""2825"",""field"":""site_photos"",""title"":""mdc_photo_mdc_b5f0a4_cdv_photo_043_1767816705419.jpg"",""ext"":""jpg"",""panorama"":false,""isDir"":false},{""pathname"":""/Collected Media/map_2934234/layer_7127604/mdc_photo_mdc_7d8db4_cdv_photo_044_1767816705419.jpg"",""rid"":41392332,""lid"":""7127604"",""fid"":""2825"",""field"":""site_photos"",""title"":""mdc_photo_mdc_7d8db4_cdv_photo_044_1767816705419.jpg"",""ext"":""jpg"",""panorama"":false,""isDir"":false},{""pathname"":""/Collected Media/map_2934234/layer_7127604/mdc_photo_mdc_9fdb72_cdv_photo_045_1767816705419.jpg"",""rid"":41392333,""lid"":""7127604"",""fid"":""2825"",""field"":""site_photos"",""title"":""mdc_photo_mdc_9fdb72_cdv_photo_045_1767816705419.jpg"",""ext"":""jpg"",""panorama"":false,""isDir"":false},{""pathname"":""/Collected Media/map_2934234/layer_7127604/mdc_photo_mdc_866cb4_cdv_photo_046_1767816705419.jpg"",""rid"":41392334,""lid"":""7127604"",""fid"":""2825"",""field"":""site_photos"",""title"":""mdc_photo_mdc_866cb4_cdv_photo_046_1767816705419.jpg"",""ext"":""jpg"",""panorama"":false,""isDir"":false},{""pathname"":""/Collected Media/map_2934234/layer_7127604/mdc_photo_mdc_019904_cdv_photo_047_1767816705419.jpg"",""rid"":41392335,""lid"":""7127604"",""fid"":""2825"",""field"":""site_photos"",""title"":""mdc_photo_mdc_019904_cdv_photo_047_1767816705419.jpg"",""ext"":""jpg"",""panorama"":false,""isDir"":false},{""pathname"":""/Collected Media/map_2934234/layer_7127604/mdc_photo_mdc_21ba4b_cdv_photo_048_1767816705419.jpg"",""rid"":41392336,""lid"":""7127604"",""fid"":""2825"",""field"":""site_photos"",""title"":""mdc_photo_mdc_21ba4b_cdv_photo_048_1767816705419.jpg"",""ext"":""jpg"",""panorama"":false,""isDir"":false},{""pathname"":""/Collected Media/map_2934234/layer_7127604/mdc_photo_mdc_071b39_cdv_photo_049_1767816705419.jpg"",""rid"":41392337,""lid"":""7127604"",""fid"":""2825"",""field"":""site_photos"",""title"":""mdc_photo_mdc_071b39_cdv_photo_049_1767816705419.jpg"",""ext"":""jpg"",""panorama"":false,""isDir"":false},{""pathname"":""/Collected Media/map_2934234/layer_7127604/mdc_photo_mdc_749980_cdv_photo_050_1767816705419.jpg"",""rid"":41392338,""lid"":""7127604"",""fid"":""2825"",""field"":""site_photos"",""title"":""mdc_photo_mdc_749980_cdv_photo_050_1767816705419.jpg"",""ext"":""jpg"",""panorama"":false,""isDir"":false},{""pathname"":""/Collected Media/map_2934234/layer_7127604/mdc_photo_mdc_df1a2a_cdv_photo_051_1767816705419.jpg"",""rid"":41392339,""lid"":""7127604"",""fid"":""2825"",""field"":""site_photos"",""title"":""mdc_photo_mdc_df1a2a_cdv_photo_051_1767816705419.jpg"",""ext"":""jpg"",""panorama"":false,""isDir"":false}]",,,CO,2026/01/07,,13:00,,,Sanitary Sewer/Combo,Michael Thompson,N/A,,2026/01/07,,,N/A,,,,,
PRECON COMPLETE,2026-01-07,Atmos Colorado,129,,10th ST ,Holly ,,,,,2026/01/07,2600,,,3040 ,Dustin House,Michael Thompson,0,0.72,0.62,0.58,0.5,0.42,0.36,0.28,End ,GO,GO,3T,GO,GO,GO,3T,,,,,,117,110,90,71,60,40,20,3,,,,PO,,2026/01/07,PO,2026/01/07,PO,Pre,BRADLEY.EDLIN@ATMOSENERGY.COM ,,0.5,,,,,Yes,,,,Yes,1,1,,"01/07/25 2600 Truck ** Lead - Dustin H, Tech - Michael T ",,,,,,400,"___json[{""pathname"":""/Collected Media/map_2934234/layer_7127604/mdc_photo_mdc_897cd0_cdv_photo_062_1767817367378.jpg"",""rid"":41392436,""lid"":""7127604"",""fid"":""2826"",""field"":""photo_map"",""title"":""mdc_photo_mdc_897cd0_cdv_photo_062_1767817367378.jpg"",""ext"":""jpg"",""panorama"":false,""isDir"":false}]",N/A,1,,06059849 ,PRECON COMPLETE,,,,,,,,,,,,,,,,,,,,,,,,,,,,,,,Lateral Inspection,,"___json[{""pathname"":""/Collected Media/map_2934234/layer_7127604/mdc_photo_mdc_ef6f89_cdv_photo_052_1767817367378.jpg"",""rid"":41392437,""lid"":""7127604"",""fid"":""2826"",""field"":""site_photos"",""title"":""mdc_photo_mdc_ef6f89_cdv_photo_052_1767817367378.jpg"",""ext"":""jpg"",""panorama"":false,""isDir"":false},{""pathname"":""/Collected Media/map_2934234/layer_7127604/mdc_photo_mdc_5e6110_cdv_photo_053_1767817367378.jpg"",""rid"":41392438,""lid"":""7127604"",""fid"":""2826"",""field"":""site_photos"",""title"":""mdc_photo_mdc_5e6110_cdv_photo_053_1767817367378.jpg"",""ext"":""jpg"",""panorama"":false,""isDir"":false},{""pathname"":""/Collected Media/map_2934234/layer_7127604/mdc_photo_mdc_37e2d1_cdv_photo_054_1767817367378.jpg"",""rid"":41392439,""lid"":""7127604"",""fid"":""2826"",""field"":""site_photos"",""title"":""mdc_photo_mdc_37e2d1_cdv_photo_054_1767817367378.jpg"",""ext"":""jpg"",""panorama"":false,""isDir"":false},{""pathname"":""/Collected Media/map_2934234/layer_7127604/mdc_photo_mdc_d50772_cdv_photo_055_1767817367378.jpg"",""rid"":41392440,""lid"":""7127604"",""fid"":""2826"",""field"":""site_photos"",""title"":""mdc_photo_mdc_d50772_cdv_photo_055_1767817367378.jpg"",""ext"":""jpg"",""panorama"":false,""isDir"":false},{""pathname"":""/Collected Media/map_2934234/layer_7127604/mdc_photo_mdc_eb1c05_cdv_photo_056_1767817367378.jpg"",""rid"":41392441,""lid"":""7127604"",""fid"":""2826"",""field"":""site_photos"",""title"":""mdc_photo_mdc_eb1c05_cdv_photo_056_1767817367378.jpg"",""ext"":""jpg"",""panorama"":false,""isDir"":false},{""pathname"":""/Collected Media/map_2934234/layer_7127604/mdc_photo_mdc_5de0bb_cdv_photo_057_1767817367378.jpg"",""rid"":41392442,""lid"":""7127604"",""fid"":""2826"",""field"":""site_photos"",""title"":""mdc_photo_mdc_5de0bb_cdv_photo_057_1767817367378.jpg"",""ext"":""jpg"",""panorama"":false,""isDir"":false},{""pathname"":""/Collected Media/map_2934234/layer_7127604/mdc_photo_mdc_143ae5_cdv_photo_058_1767817367378.jpg"",""rid"":41392443,""lid"":""7127604"",""fid"":""2826"",""field"":""site_photos"",""title"":""mdc_photo_mdc_143ae5_cdv_photo_058_1767817367378.jpg"",""ext"":""jpg"",""panorama"":false,""isDir"":false}]",,,CO,2026/01/07,,13:15,,,Sanitary Sewer/Combo,Michael Thompson,N/A,,2026/01/07,,,N/A,,,,,
COMPLETE,2025-05-13,Atmos Colorado,1000,,Main St.,Denver,,,,,2025/05/13,---------------------,,,4592 ,N/A,N/A,,,,,,,,,,,,,,,,,,,,,,,,,,,,,,,,,ML,,2025/05/13,ML,2025/05/13,ML,Post,somebody@somewhere.com,,,,,,,,,,,,,,,"This is a test line, and is does not indicate any real work being done or planned. ",,,,,,400,,N/A,,,08087777,COMPLETE,,,,,,,,,,,,,,,,,,,,,,,,,,,,,,,Main Inspection,,,,,CO,2025/05/13,S,10:00,,,Sanitary Sewer/Combo,N/A,,,,,,,,,,,
